userName,ExperimentState,ReflectionPhasePart,condition,elapsedTime,distanceTraveled,headsetPosX,headsetPosY,headsetPosZ,ControllerLeftPosX,ControllerLeftPosY,ControllerLeftPosZ,ControllerRightPosX,ControllerRightPosY,ControllerRightPosZ,headsetRotEulerX,headsetRotEulerY,headsetRotEulerZ,headsetRotInspectorX,headsetRotInspectorY,headsetRotInspectorZ,controllerLeftRotEulerX,controllerLeftRotEulerY,controllerLeftRotEulerZ,controllerLeftRotInspectorX,controllerLeftRotInspectorY,controllerLefttRotInspectorZ,controllerRightRotEulerX,controllerRightRotEulerY,controllerRightRotEulerZ,controllerRightRotInspectorX,controllerRightRotInspectorY,controllerRighttRotInspectorZ,rawSliderValue,convertedSliderValue,isKidneyVisible,ToggleHead,ToggleRight,ToggleLeft,ToggleTissue,TaskVisible1,TaskVisible2,TaskVisible3,TaskVisible4,TaskVisible5,TaskVisible6,TaskVisible7,TaskVisible8,TaskVisible9,TaskVisible10,TaskVisible11,TaskVisible12,TaskVisible13,TaskVisible14,buttonName,state
Andi,Reflective,Intro,Standup,0.02,1.789996,-1.578297,0.5477495,-0.6426769,0,0,0,0,0,0,355.6852,274.143,6.19539,-4.315,-85.857,6.195,0,0,0,0,0,0,0,0,0,0,0,0,1,473.7681,True,True,True,True,True,True,True,True,True,True,True,True,True,True,True,True,True,True,True,,
Andi,Reflective,Intro,Standup,0.4474885,2.004983,-1.430001,0.6764885,-0.5551964,0,0,0,-1.68985,0.5630823,-0.738085,9.864546,211.7393,4.738195,9.865001,-148.261,4.738,0,0,0,0,0,0,344.7332,279.4283,328.4558,-15.267,-80.57201,-31.544,1,473.7681,True,True,True,True,True,True,True,True,True,True,True,True,True,True,True,True,True,True,True,,
Andi,Reflective,Intro,Standup,0.735734,2.355248,-1.20041,0.8351907,-0.7512481,0,0,0,-1.690171,0.5737616,-0.7520714,359.735,153.7717,15.07539,-0.265,153.772,15.075,0,0,0,0,0,0,346.132,278.1483,345.3354,-13.868,-81.85201,-14.665,1,473.7681,True,True,True,True,True,True,True,True,True,True,True,True,True,True,True,True,True,True,True,,
Andi,Reflective,Intro,Standup,0.8505993,2.368183,-1.192291,0.8434624,-0.7536281,0,0,0,-1.696332,0.5810648,-0.7534807,353.8971,153.6338,17.60383,-6.103,153.634,17.604,0,0,0,0,0,0,354.0417,279.3203,349.7949,-5.958,-80.68,-10.205,1,473.7681,True,True,True,True,True,True,True,True,True,True,True,True,True,True,True,True,True,True,True,,
Andi,Reflective,Intro,Standup,0.9728076,2.389019,-1.182298,0.8612897,-0.7530721,0,0,0,-1.700117,0.5782512,-0.7575364,353.1078,154.3471,20.20395,-6.892,154.347,20.204,0,0,0,0,0,0,353.3262,284.3206,355.65,-6.674,-75.679,-4.35,1,473.7681,True,True,True,True,True,True,True,True,True,True,True,True,True,True,True,True,True,True,True,,
Andi,Reflective,Intro,Standup,1.089109,2.416516,-1.172732,0.8862972,-0.747802,0,0,0,-1.702317,0.5848836,-0.7587278,351.5526,154.2684,23.82723,-8.447001,154.268,23.827,0,0,0,0,0,0,350.1954,282.7263,12.14066,-9.805,-77.274,12.141,1,473.7681,True,True,True,True,True,True,True,True,True,True,True,True,True,True,True,True,True,True,True,,
Andi,Reflective,Intro,Standup,1.205157,2.448775,-1.166093,0.9090693,-0.7404133,0,0,0,-1.698491,0.596627,-0.7332749,350.089,154.7267,26.03251,-9.911,154.727,26.033,0,0,0,0,0,0,352.0673,281.1945,15.74892,-7.933001,-78.805,15.749,1,473.7681,True,True,True,True,True,True,True,True,True,True,True,True,True,True,True,True,True,True,True,,
Andi,Reflective,Intro,Standup,1.324163,2.478387,-1.155149,0.9344159,-0.730354,0,0,0,-1.679858,0.611902,-0.6711442,349.5194,154.5945,28.8326,-10.481,154.594,28.833,0,0,0,0,0,0,1.969476,282.4971,10.63903,1.969,-77.50301,10.639,1,473.7681,True,True,True,True,True,True,True,True,True,True,True,True,True,True,True,True,True,True,True,,
Andi,Reflective,Intro,Standup,1.437135,2.508364,-1.144723,0.9577749,-0.7152008,0,0,0,-1.656749,0.593438,-0.6904371,347.6071,154.7538,29.18809,-12.393,154.754,29.188,0,0,0,0,0,0,11.8672,280.4274,9.29303,11.867,-79.57301,9.293,1,473.7681,True,True,True,True,True,True,True,True,True,True,True,True,True,True,True,True,True,True,True,,
Andi,Reflective,Intro,Standup,1.555757,2.550047,-1.140555,0.9930719,-0.6941613,0,0,0,-1.605086,0.5892155,-0.6432149,346.0516,155.5172,28.38128,-13.948,155.517,28.381,0,0,0,0,0,0,21.09973,275.291,352.7495,21.1,-84.70901,-7.25,1,473.7681,True,True,True,True,True,True,True,True,True,True,True,True,True,True,True,True,True,True,True,,
Andi,Reflective,Intro,Standup,1.66886,2.617233,-1.138318,1.05243,-0.6630094,0,0,0,-1.514348,0.6597284,-0.5407383,340.6347,157.4576,28.76619,-19.365,157.458,28.766,0,0,0,0,0,0,8.635868,263.2491,351.373,8.636001,-96.75101,-8.627001,1,473.7681,True,True,True,True,True,True,True,True,True,True,True,True,True,True,True,True,True,True,True,,
Andi,Reflective,Intro,Standup,1.783423,2.71268,-1.150357,1.137665,-0.6222719,0,0,0,-1.370841,0.747197,-0.4106472,330.9051,157.2688,27.80272,-29.095,157.269,27.803,0,0,0,0,0,0,353.0887,253.5439,358.464,-6.911,-106.456,-1.536,1,473.7681,True,True,True,True,True,True,True,True,True,True,True,True,True,True,True,True,True,True,True,,
Andi,Reflective,Intro,Standup,1.898828,2.823148,-1.167335,1.224876,-0.5569649,0,0,0,-1.215876,0.8283719,-0.309175,321.8998,158.1877,26.50418,-38.1,158.188,26.504,0,0,0,0,0,0,338.7011,242.6272,10.0238,-21.299,-117.373,10.024,1,473.7681,True,True,True,True,True,True,True,True,True,True,True,True,True,True,True,True,True,True,True,,
Andi,Reflective,Intro,Standup,2.014297,2.962012,-1.139386,1.311259,-0.4536368,0,0,0,-1.089111,0.8612275,-0.2605355,321.1916,157.6171,28.07482,-38.808,157.617,28.075,0,0,0,0,0,0,331.544,244.9402,14.50351,-28.456,-115.06,14.504,1,473.7681,True,True,True,True,True,True,True,True,True,True,True,True,True,True,True,True,True,True,True,,
Andi,Reflective,Intro,Standup,2.126361,3.140249,-1.034431,1.391018,-0.3356993,0,0,0,-1.015931,0.8558998,-0.2987604,333.4873,173.7529,22.58463,-26.513,173.753,22.585,0,0,0,0,0,0,336.718,243.8325,0.2376976,-23.282,-116.168,0.238,1,473.7681,True,True,True,True,True,True,True,True,True,True,True,True,True,True,True,True,True,True,True,,
Andi,Reflective,Intro,Standup,2.247561,3.333664,-0.8669876,1.431118,-0.2506838,0,0,0,-0.96823,0.8554547,-0.398087,339.4481,193.6186,17.90587,-20.552,-166.381,17.906,0,0,0,0,0,0,335.225,234.902,352.3995,-24.775,-125.098,-7.601,1,473.7681,True,True,True,True,True,True,True,True,True,True,True,True,True,True,True,True,True,True,True,,
Andi,Reflective,Intro,Standup,2.361123,3.486888,-0.7188857,1.418808,-0.2191339,0,0,0,-0.9409264,0.8729899,-0.4448717,345.7136,216.3724,9.61824,-14.286,-143.628,9.618,0,0,0,0,0,0,333.1884,230.5788,347.6491,-26.812,-129.421,-12.351,1,473.7681,True,True,True,True,True,True,True,True,True,True,True,True,True,True,True,True,True,True,True,,
Andi,Reflective,Intro,Standup,2.475764,3.580914,-0.6647969,1.351036,-0.2326173,0,0,0,-0.930208,0.8926926,-0.4599462,334.5329,225.6796,0.1624535,-25.467,-134.32,0.162,0,0,0,0,0,0,328.5095,229.1701,346.4529,-31.491,-130.83,-13.547,1,473.7681,True,True,True,True,True,True,True,True,True,True,True,True,True,True,True,True,True,True,True,,
Andi,Reflective,Intro,Standup,2.588536,3.635118,-0.689468,1.345054,-0.262644,0,0,0,-0.9287447,0.9093493,-0.4622593,337.3047,223.8255,2.405976,-22.695,-136.175,2.406,0,0,0,0,0,0,324.9442,229.5467,347.4908,-35.056,-130.453,-12.509,1,473.7681,True,True,True,True,True,True,True,True,True,True,True,True,True,True,True,True,True,True,True,,
Andi,Reflective,Intro,Standup,2.705344,3.700944,-0.7323849,1.32931,-0.3082689,0,0,0,-0.9263287,0.9194459,-0.4610889,330.2186,216.0108,0.2742793,-29.781,-143.989,0.274,0,0,0,0,0,0,322.8255,229.7178,347.048,-37.175,-130.282,-12.952,1,473.7681,True,True,True,True,True,True,True,True,True,True,True,True,True,True,True,True,True,True,True,,
Andi,Reflective,Intro,Standup,2.820842,3.783797,-0.7571888,1.265665,-0.3468885,0,0,0,-0.9338678,0.9187971,-0.4609587,345.0176,213.1017,351.468,-14.982,-146.898,-8.532001,0,0,0,0,0,0,325.4002,232.1837,344.3348,-34.6,-127.816,-15.665,1,473.7681,True,True,True,True,True,True,True,True,True,True,True,True,True,True,True,True,True,True,True,,
Andi,Reflective,Intro,Standup,2.941519,3.840076,-0.7302659,1.219332,-0.3465503,0,0,0,-0.9458435,0.9181529,-0.4641926,359.3499,213.5127,349.4602,-0.65,-146.487,-10.54,0,0,0,0,0,0,328.4787,234.2144,341.9872,-31.521,-125.786,-18.013,1,473.7681,True,True,True,True,True,True,True,True,True,True,True,True,True,True,True,True,True,True,True,,
Andi,Reflective,Intro,Standup,3.062729,3.866378,-0.7070879,1.22201,-0.3405604,0,0,0,-0.9530758,0.9349796,-0.4679792,7.518888,208.26,352.5565,7.519001,-151.74,-7.443,0,0,0,0,0,0,325.8438,234.6372,344.7258,-34.156,-125.363,-15.274,1,473.7681,True,True,True,True,True,True,True,True,True,True,True,True,True,True,True,True,True,True,True,,
Andi,Reflective,Intro,Standup,3.177621,3.88697,-0.69305,1.230477,-0.334976,0,0,0,-0.9597369,0.9505054,-0.4817569,10.11876,209.1424,355.3203,10.119,-150.858,-4.68,0,0,0,0,0,0,326.2684,235.3436,343.6792,-33.732,-124.656,-16.321,1,473.7681,True,True,True,True,True,True,True,True,True,True,True,True,True,True,True,True,True,True,True,,
Andi,Reflective,Intro,Standup,3.291389,3.909505,-0.6777542,1.240809,-0.3274896,0,0,0,-0.9641134,0.9741647,-0.4993126,5.053198,210.8282,0.3961162,5.053,-149.172,0.396,0,0,0,0,0,0,326.3063,237.73,340.6484,-33.694,-122.27,-19.352,1,473.7681,True,True,True,True,True,True,True,True,True,True,True,True,True,True,True,True,True,True,True,,
Andi,Reflective,Intro,Standup,3.418599,3.9253,-0.6776856,1.241043,-0.3124246,0,0,0,-0.9662097,0.9995597,-0.5158017,4.887164,217.7974,357.5284,4.887,-142.203,-2.472,0,0,0,0,0,0,326.6212,241.6866,340.6316,-33.379,-118.313,-19.368,1,473.7681,True,True,True,True,True,True,True,True,True,True,True,True,True,True,True,True,True,True,True,,
Andi,Reflective,Intro,Standup,3.539343,3.933303,-0.6732481,1.23826,-0.3096778,0,0,0,-0.9628479,1.002116,-0.5307324,4.880866,222.5893,357.5424,4.881,-137.411,-2.458,0,0,0,0,0,0,328.7263,242.2963,344.4704,-31.274,-117.704,-15.53,1,473.7681,True,True,True,True,True,True,True,True,True,True,True,True,True,True,True,True,True,True,True,,
Andi,Reflective,Intro,Standup,3.652543,3.945225,-0.6630639,1.235887,-0.315138,0,0,0,-0.9460911,0.9970217,-0.5408285,6.616553,222.4568,358.4698,6.617,-137.543,-1.53,0,0,0,0,0,0,325.4622,239.6321,352.5618,-34.538,-120.368,-7.438,1,473.7681,True,True,True,True,True,True,True,True,True,True,True,True,True,True,True,True,True,True,True,,
Andi,Reflective,Intro,Standup,3.768797,3.953475,-0.6579432,1.233125,-0.3207871,0,0,0,-0.9322424,0.9758973,-0.544503,7.783327,220.3762,359.0653,7.783,-139.624,-0.9350001,0,0,0,0,0,0,325.3724,237.6461,357.144,-34.628,-122.354,-2.856,1,473.7681,True,True,True,True,True,True,True,True,True,True,True,True,True,True,True,True,True,True,True,,
Andi,Reflective,Intro,Standup,3.883168,3.959387,-0.6595822,1.230373,-0.3251055,0,0,0,-0.93005,0.952124,-0.5462101,9.466205,218.5465,359.4289,9.466001,-141.454,-0.571,0,0,0,0,0,0,328.568,235.5427,358.5546,-31.432,-124.457,-1.445,1,473.7681,True,True,True,True,True,True,True,True,True,True,True,True,True,True,True,True,True,True,True,,
Andi,Reflective,Intro,Standup,4.004338,3.968009,-0.6650679,1.224585,-0.3280396,0,0,0,-0.9319457,0.9371468,-0.5477624,12.19007,219.2821,359.1525,12.19,-140.718,-0.848,0,0,0,0,0,0,331.149,232.9926,4.71848,-28.851,-127.007,4.718,1,473.7681,True,True,True,True,True,True,True,True,True,True,True,True,True,True,True,True,True,True,True,,
Andi,Reflective,Intro,Standup,4.125813,3.976366,-0.6686357,1.217367,-0.3300762,0,0,0,-0.9443536,0.9130631,-0.5405836,16.01849,218.5437,359.6293,16.018,-141.456,-0.371,0,0,0,0,0,0,340.3013,231.9216,1.813661,-19.699,-128.078,1.814,1,473.7681,True,True,True,True,True,True,True,True,True,True,True,True,True,True,True,True,True,True,True,,
Andi,Reflective,Intro,Standup,4.240983,3.981948,-0.6685836,1.212117,-0.3302994,0,0,0,-0.9771363,0.8800068,-0.5248713,18.6401,215.604,359.4584,18.64,-144.396,-0.5420001,0,0,0,0,0,0,350.1013,234.1948,359.5216,-9.899,-125.805,-0.478,1,473.7681,True,True,True,True,True,True,True,True,True,True,True,True,True,True,True,True,True,True,True,,
Andi,Reflective,Intro,Standup,4.365096,3.98926,-0.6615681,1.21266,-0.329246,0,0,0,-1.022904,0.8250186,-0.5035312,18.59264,209.9342,358.6801,18.593,-150.066,-1.32,0,0,0,0,0,0,3.444827,238.5553,350.2169,3.445,-121.445,-9.783,1,473.7681,True,True,True,True,True,True,True,True,True,True,True,True,True,True,True,True,True,True,True,,
Andi,Reflective,Intro,Standup,4.47907,4.0044,-0.6477874,1.218086,-0.3263433,0,0,0,-1.0442,0.8261774,-0.4952924,16.42166,202.0497,358.2799,16.422,-157.95,-1.72,0,0,0,0,0,0,0.3656106,238.9188,349.2238,0.366,-121.081,-10.776,1,473.7681,True,True,True,True,True,True,True,True,True,True,True,True,True,True,True,True,True,True,True,,
Andi,Reflective,Intro,Standup,4.592389,4.024782,-0.6290556,1.224142,-0.3211481,0,0,0,-1.045695,0.8705302,-0.4736931,13.33309,190.5376,357.5584,13.333,-169.462,-2.442,0,0,0,0,0,0,342.5311,246.3349,346.4896,-17.469,-113.665,-13.51,1,473.7681,True,True,True,True,True,True,True,True,True,True,True,True,True,True,True,True,True,True,True,,
Andi,Reflective,Intro,Standup,4.705506,4.049644,-0.6071968,1.229934,-0.3111038,0,0,0,-1.013908,0.9024547,-0.4674246,10.32597,176.8035,356.7111,10.326,176.803,-3.289,0,0,0,0,0,0,329.5732,252.7858,344.4159,-30.427,-107.214,-15.584,1,473.7681,True,True,True,True,True,True,True,True,True,True,True,True,True,True,True,True,True,True,True,,
Andi,Reflective,Intro,Standup,4.823566,4.077741,-0.5861826,1.234828,-0.2932116,0,0,0,-0.9832652,0.9146824,-0.4924936,7.031683,163.9866,356.468,7.032001,163.987,-3.532,0,0,0,0,0,0,329.7895,247.8551,340.02,-30.211,-112.145,-19.98,1,473.7681,True,True,True,True,True,True,True,True,True,True,True,True,True,True,True,True,True,True,True,,
Andi,Reflective,Intro,Standup,4.938702,4.10369,-0.5703076,1.239277,-0.2732385,0,0,0,-0.9389427,0.920907,-0.5402992,4.289515,153.6172,356.4044,4.29,153.617,-3.596,0,0,0,0,0,0,328.697,236.7382,345.0201,-31.303,-123.262,-14.98,1,473.7681,True,True,True,True,True,True,True,True,True,True,True,True,True,True,True,True,True,True,True,,
Andi,Reflective,Intro,Standup,5.055601,4.133147,-0.5547881,1.244,-0.2486843,0,0,0,-0.8776433,0.9345966,-0.5644929,0.8069177,141.4694,356.9557,0.807,141.469,-3.044,0,0,0,0,0,0,324.8203,226.0789,347.1447,-35.18,-133.921,-12.855,1,473.7681,True,True,True,True,True,True,True,True,True,True,True,True,True,True,True,True,True,True,True,,
Andi,Reflective,Intro,Standup,5.168884,4.156916,-0.5435162,1.246891,-0.227974,0,0,0,-0.8207896,0.9465877,-0.5744088,358.6665,131.9301,357.8101,-1.334,131.93,-2.19,0,0,0,0,0,0,320.535,219.2422,348.6749,-39.465,-140.758,-11.325,1,473.7681,True,True,True,True,True,True,True,True,True,True,True,True,True,True,True,True,True,True,True,,
Andi,Reflective,Intro,Standup,5.286958,4.1753,-0.5347502,1.248797,-0.2119621,-0.1820064,1.278242,-0.3842132,-0.7704176,0.9517723,-0.5825393,357.4437,125.5707,358.2287,-2.556,125.571,-1.771,287.8716,46.75735,14.35521,-72.12801,46.757,14.355,320.162,213.7421,348.9073,-39.838,-146.258,-11.093,1,473.7681,True,True,True,True,True,True,True,True,True,True,True,True,True,True,True,True,True,True,True,,
Andi,Reflective,Intro,Standup,5.401073,4.189244,-0.5289197,1.250358,-0.1994242,-0.1686618,1.294294,-0.3252566,-0.7295147,0.9567525,-0.5866327,356.1937,121.8314,358.7273,-3.806,121.831,-1.273,287.8621,14.13167,33.56417,-72.138,14.132,33.564,319.5802,208.3783,350.4848,-40.42,-151.622,-9.515,1,473.7681,True,True,True,True,True,True,True,True,True,True,True,True,True,True,True,True,True,True,True,,
Andi,Reflective,Intro,Standup,5.521326,4.195646,-0.5255852,1.251808,-0.1942613,-0.1479378,1.283062,-0.3347328,-0.7010897,0.9611081,-0.5815175,355.0971,121.2309,358.3072,-4.903,121.231,-1.693,286.1733,51.19841,5.344118,-73.827,51.198,5.344,317.9297,206.0438,349.4959,-42.07,-153.956,-10.504,1,473.7681,True,True,True,True,True,True,True,True,True,True,True,True,True,True,True,True,True,True,True,,
Andi,Reflective,Intro,Standup,5.635961,4.200565,-0.5270435,1.252997,-0.1975751,-0.1640601,1.246306,-0.380127,-0.6903594,0.966939,-0.5698752,354.4521,126.7955,356.7842,-5.548,126.796,-3.216,299.0435,122.483,336.414,-60.957,122.483,-23.586,314.754,206.8591,346.1361,-45.246,-153.141,-13.864,1,473.7681,True,True,True,True,True,True,True,True,True,True,True,True,True,True,True,True,True,True,True,,
Andi,Reflective,Intro,Standup,5.751611,4.214807,-0.5345026,1.251218,-0.209371,-0.2415948,1.188624,-0.4482441,-0.7027248,0.958765,-0.5675256,356.0283,139.2567,353.6993,-3.972,139.257,-6.301,314.1171,159.0629,340.7097,-45.883,159.063,-19.29,319.9718,205.2991,342.8072,-40.028,-154.701,-17.193,1,473.7681,True,True,True,True,True,True,True,True,True,True,True,True,True,True,True,True,True,True,True,,
Andi,Reflective,Intro,Standup,5.870932,4.236275,-0.5492078,1.245612,-0.2237644,-0.3281555,1.119847,-0.5036342,-0.7285713,0.9417177,-0.5706265,0.3327672,159.2822,352.3159,0.333,159.282,-7.684,323.1298,173.5465,358.8633,-36.87,173.546,-1.137,329.2053,205.3948,356.1801,-30.795,-154.605,-3.82,1,473.7681,True,True,True,True,True,True,True,True,True,True,True,True,True,True,True,True,True,True,True,,
Andi,Reflective,Intro,Standup,5.99228,4.255641,-0.5671805,1.242016,-0.2292667,-0.4153128,1.079646,-0.5349236,-0.7593682,0.9362763,-0.5550408,3.716997,178.8542,353.5349,3.717,178.854,-6.465,320.0767,179.7906,355.09,-39.923,179.791,-4.91,333.0393,212.2094,357.6838,-26.961,-147.791,-2.316,1,473.7681,True,True,True,True,True,True,True,True,True,True,True,True,True,True,True,True,True,True,True,,
Andi,Reflective,Intro,Standup,6.107535,4.272645,-0.5837548,1.239378,-0.2280582,-0.5056808,1.048542,-0.5466797,-0.7882758,0.9414709,-0.5281861,5.959884,196.5034,354.3661,5.960001,-163.497,-5.634,319.8107,190.8313,356.221,-40.189,-169.169,-3.779,330.3905,217.8204,359.583,-29.61,-142.18,-0.417,1,473.7681,True,True,True,True,True,True,True,True,True,True,True,True,True,True,True,True,True,True,True,,
Andi,Reflective,Intro,Standup,6.224774,4.280247,-0.5907475,1.237909,-0.2258731,-0.5739248,1.02249,-0.5405922,-0.8386049,0.9420978,-0.4917681,7.186301,207.8827,354.5275,7.186,-152.117,-5.473,321.6075,200.2372,359.2317,-38.393,-159.763,-0.768,327.1697,225.1322,0.6942123,-32.83,-134.868,0.694,1,473.7681,True,True,True,True,True,True,True,True,True,True,True,True,True,True,True,True,True,True,True,,
Andi,Reflective,Intro,Standup,6.341497,4.284885,-0.5894743,1.234946,-0.2278577,-0.6330597,1.009446,-0.5292356,-0.8834062,0.9403239,-0.4505439,9.679018,214.0238,355.1794,9.679001,-145.976,-4.821,326.5873,208.7872,1.453721,-33.413,-151.213,1.454,323.2837,231.3538,1.398104,-36.716,-128.646,1.398,1,473.7681,True,True,True,True,True,True,True,True,True,True,True,True,True,True,True,True,True,True,True,,
Andi,Reflective,Intro,Standup,6.458459,4.290565,-0.5860982,1.232106,-0.2312374,-0.667667,1.022139,-0.4927781,-0.9214846,0.9369405,-0.4149659,11.61761,216.7188,355.833,11.618,-143.281,-4.167,325.2294,212.5744,1.562676,-34.771,-147.426,1.563,324.7349,237.3372,359.9934,-35.265,-122.663,-0.007,1,473.7681,True,True,True,True,True,True,True,True,True,True,True,True,True,True,True,True,True,True,True,,
Andi,Reflective,Intro,Standup,6.578637,4.293195,-0.5850769,1.230809,-0.2319034,-0.6882206,1.030827,-0.4753747,-0.945863,0.9384984,-0.3801787,12.25974,219.6544,356.6628,12.26,-140.346,-3.337,324.051,213.0766,359.8405,-35.949,-146.923,-0.16,324.5375,241.9378,0.5582801,-35.462,-118.062,0.558,1,473.7681,True,True,True,True,True,True,True,True,True,True,True,True,True,True,True,True,True,True,True,,
Andi,Reflective,Intro,Standup,6.700985,4.296117,-0.5857363,1.230968,-0.22912,-0.7056378,1.033341,-0.4758,-0.9690464,0.9343635,-0.356379,12.279,221.728,357.3837,12.279,-138.272,-2.616,326.5039,213.9222,357.8283,-33.496,-146.078,-2.172,325.6554,245.9961,0.2335162,-34.345,-114.004,0.234,1,473.7681,True,True,True,True,True,True,True,True,True,True,True,True,True,True,True,True,True,True,True,,
Andi,Reflective,Intro,Standup,6.821497,4.300563,-0.5890869,1.231254,-0.2262949,-0.7170982,1.040331,-0.4722135,-0.9839659,0.936695,-0.3328187,12.16624,222.9519,357.7428,12.166,-137.048,-2.257,322.8304,214.7964,354.9843,-37.17,-145.204,-5.016,325.1043,248.7772,0.778955,-34.896,-111.223,0.779,1,473.7681,True,True,True,True,True,True,True,True,True,True,True,True,True,True,True,True,True,True,True,,
Andi,Reflective,Intro,Standup,6.943,4.308216,-0.5949255,1.232214,-0.2215382,-0.7292314,1.043051,-0.467721,-0.9932222,0.9385607,-0.3169823,11.81595,224.8161,357.7821,11.816,-135.184,-2.218,321.8767,215.7854,356.9354,-38.123,-144.215,-3.065,325.1629,250.132,0.4299389,-34.837,-109.868,0.43,1,473.7681,True,True,True,True,True,True,True,True,True,True,True,True,True,True,True,True,True,True,True,,
Andi,Reflective,Intro,Standup,7.065995,4.317404,-0.6026874,1.233131,-0.2168091,-0.7464902,1.045578,-0.4579794,-1.001981,0.9417309,-0.3019927,11.46112,227.2731,357.372,11.461,-132.727,-2.628,321.2028,218.5129,356.5801,-38.797,-141.487,-3.42,324.8017,251.7129,0.5196334,-35.198,-108.287,0.52,1,473.7681,True,True,True,True,True,True,True,True,True,True,True,True,True,True,True,True,True,True,True,,
Andi,Reflective,Intro,Standup,7.185032,4.324566,-0.6094237,1.232774,-0.2146361,-0.7599558,1.043428,-0.4537942,-1.008261,0.9424773,-0.2881687,11.63155,228.8841,357.6089,11.632,-131.116,-2.391,321.5655,219.0457,357.8981,-38.435,-140.954,-2.102,325.0056,253.6684,359.4652,-34.994,-106.332,-0.535,1,473.7681,True,True,True,True,True,True,True,True,True,True,True,True,True,True,True,True,True,True,True,,
Andi,Reflective,Intro,Standup,7.302773,4.331955,-0.6167347,1.232908,-0.2140051,-0.7735118,1.034208,-0.4512877,-1.00697,0.9437203,-0.2847805,11.58837,229.8833,357.8634,11.588,-130.117,-2.137,322.0984,218.6472,357.6364,-37.902,-141.353,-2.364,327.0742,255.752,356.8143,-32.926,-104.248,-3.186,1,473.7681,True,True,True,True,True,True,True,True,True,True,True,True,True,True,True,True,True,True,True,,
Andi,Reflective,Intro,Standup,7.419901,4.340238,-0.6245418,1.232003,-0.2163501,-0.7866966,1.023579,-0.4497635,-0.9988884,0.9460382,-0.2944155,12.01258,229.9102,358.1283,12.013,-130.09,-1.872,323.7657,220.3819,357.521,-36.234,-139.618,-2.479,328.8262,254.0698,354.9637,-31.174,-105.93,-5.036,1,473.7681,True,True,True,True,True,True,True,True,True,True,True,True,True,True,True,True,True,True,True,,
Andi,Reflective,Intro,Standup,7.540414,4.351339,-0.6337575,1.230403,-0.2222794,-0.7910765,1.017756,-0.4581521,-1.000608,0.9440745,-0.3024113,12.6453,228.7035,358.0341,12.645,-131.297,-1.966,324.9091,219.457,358.3268,-35.091,-140.543,-1.673,330.7057,253.3462,353.988,-29.294,-106.654,-6.012,1,473.7681,True,True,True,True,True,True,True,True,True,True,True,True,True,True,True,True,True,True,True,,
Andi,Reflective,Intro,Standup,7.658855,4.361978,-0.6414175,1.227635,-0.2291012,-0.7893881,1.017442,-0.4665682,-1.007771,0.9413134,-0.30355,13.62461,226.9481,357.9321,13.625,-133.052,-2.068,322.5658,218.3157,354.41,-37.434,-141.684,-5.59,329.8921,253.7497,355.5749,-30.108,-106.25,-4.425,1,473.7681,True,True,True,True,True,True,True,True,True,True,True,True,True,True,True,True,True,True,True,,
Andi,Reflective,Intro,Standup,7.780555,4.369844,-0.6472336,1.225971,-0.234064,-0.7942617,1.008369,-0.4768975,-1.017433,0.930172,-0.3008268,14.43246,225.499,357.554,14.432,-134.501,-2.446,323.7923,219.782,348.2552,-36.208,-140.218,-11.745,330.7699,253.7606,356.0465,-29.23,-106.239,-3.954,1,473.7681,True,True,True,True,True,True,True,True,True,True,True,True,True,True,True,True,True,True,True,,
Andi,Reflective,Intro,Standup,7.90029,4.377099,-0.6535216,1.223418,-0.2362196,-0.8026386,0.9819361,-0.4941056,-1.026587,0.9147646,-0.2953422,15.38882,225.5732,356.9972,15.389,-134.427,-3.003,331.8345,218.9874,345.2401,-28.165,-141.013,-14.76,332.6698,254.5226,357.3857,-27.33,-105.477,-2.614,1,473.7681,True,True,True,True,True,True,True,True,True,True,True,True,True,True,True,True,True,True,True,,
Andi,Reflective,Intro,Standup,8.012493,4.382553,-0.6582364,1.221142,-0.2349443,-0.8250633,0.9322582,-0.5077217,-1.034383,0.9010372,-0.2894833,16.36286,226.5655,356.8607,16.363,-133.434,-3.139,352.4398,222.8307,353.3671,-7.56,-137.169,-6.633,334.7184,255.2812,358.0239,-25.282,-104.719,-1.976,1,473.7681,True,True,True,True,True,True,True,True,True,True,True,True,True,True,True,True,True,True,True,,
Andi,Reflective,Intro,Standup,8.128554,4.386239,-0.6614954,1.220224,-0.2337551,-0.8271198,0.9272597,-0.491492,-1.039171,0.8948565,-0.2846417,16.79633,226.7643,356.4044,16.796,-133.236,-3.596,345.0618,226.1236,354.8691,-14.938,-133.876,-5.131,335.6239,255.9457,358.4893,-24.376,-104.054,-1.511,1,473.7681,True,True,True,True,True,True,True,True,True,True,True,True,True,True,True,True,True,True,True,,
Andi,Reflective,Intro,Standup,8.248721,4.38771,-0.6616701,1.219373,-0.2333421,-0.8206277,0.9564204,-0.4792178,-1.042255,0.8940009,-0.2809973,17.31986,226.1594,356.3488,17.32,-133.841,-3.651,333.7552,228.0334,342.0888,-26.245,-131.967,-17.911,335.4933,256.0475,358.1768,-24.507,-103.952,-1.823,1,473.7681,True,True,True,True,True,True,True,True,True,True,True,True,True,True,True,True,True,True,True,,
Andi,Reflective,Intro,Standup,8.365716,4.390709,-0.6596344,1.220797,-0.2319479,-0.8074033,0.9953752,-0.476963,-1.04329,0.8980329,-0.2785313,16.92513,225.5085,356.5221,16.925,-134.491,-3.478,324.3011,223.6227,345.5529,-35.699,-136.377,-14.447,335.1487,256.0496,357.6919,-24.851,-103.95,-2.308,1,473.7681,True,True,True,True,True,True,True,True,True,True,True,True,True,True,True,True,True,True,True,,
Andi,Reflective,Intro,Standup,8.482859,4.393395,-0.6581232,1.221738,-0.2300723,-0.8056068,1.015889,-0.4698479,-1.044653,0.9010482,-0.2744546,16.52235,225.3211,356.446,16.522,-134.679,-3.554,321.0247,223.74,346.0638,-38.975,-136.26,-13.936,334.5973,256.5047,357.3988,-25.403,-103.495,-2.601,1,473.7681,True,True,True,True,True,True,True,True,True,True,True,True,True,True,True,True,True,True,True,,
Andi,Reflective,Intro,Standup,8.61812,4.396461,-0.6567534,1.222673,-0.227545,-0.8027402,1.028985,-0.4657385,-1.044753,0.9031842,-0.2711003,16.16374,225.1751,356.2546,16.164,-134.825,-3.745,318.6076,223.5457,350.3414,-41.392,-136.454,-9.659,334.6942,257.0461,356.8781,-25.306,-102.954,-3.122,0.9932208,471.8447,True,True,True,True,True,True,True,True,True,True,True,True,True,True,True,True,True,True,True,,
Andi,Reflective,Intro,Standup,8.752299,4.40097,-0.6534932,1.224259,-0.2251301,-0.8005409,1.034788,-0.4610176,-1.043028,0.9049289,-0.26981,15.50171,225.0738,356.4513,15.502,-134.926,-3.549,317.6688,224.057,353.0812,-42.331,-135.943,-6.919,334.6647,256.8602,356.8095,-25.335,-103.14,-3.19,0.9814752,468.5121,True,True,True,True,True,True,True,True,True,True,True,True,True,True,True,True,True,True,True,,
Andi,Reflective,Intro,Standup,8.886782,4.404157,-0.6505979,1.224879,-0.2241539,-0.7991794,1.037875,-0.4592998,-1.042833,0.9076355,-0.2686684,15.21176,224.2682,356.4764,15.212,-135.732,-3.524,317.3943,224.1472,353.6098,-42.606,-135.853,-6.39,334.5223,256.7654,356.5234,-25.478,-103.235,-3.477,0.9707525,465.4698,True,True,True,True,True,True,True,True,True,True,True,True,True,True,True,True,True,True,True,,
Andi,Reflective,Intro,Standup,9.009388,4.406902,-0.6484128,1.225696,-0.2228373,-0.7968431,1.038928,-0.4600861,-1.042823,0.9094522,-0.2667563,14.85503,224.0714,356.586,14.855,-135.929,-3.414,317.4883,223.2696,354.8233,-42.512,-136.73,-5.177,334.4496,257.2133,356.2208,-25.55,-102.787,-3.779,0.9619186,462.9634,True,True,True,True,True,True,True,True,True,True,True,True,True,True,True,True,True,True,True,,
Andi,Reflective,Intro,Standup,9.132134,4.409628,-0.6462601,1.226158,-0.2213902,-0.7958568,1.037284,-0.462404,-1.042401,0.9094736,-0.2650099,14.44355,223.8702,356.6905,14.444,-136.13,-3.31,318.1411,223.1217,355.0293,-41.859,-136.878,-4.971,334.6731,257.3168,356.1371,-25.327,-102.683,-3.863,0.953197,460.4889,True,True,True,True,True,True,True,True,True,True,True,True,True,True,True,True,True,True,True,,
Andi,Reflective,Intro,Standup,9.265661,4.411395,-0.6448697,1.226669,-0.2205518,-0.7933218,1.036567,-0.4632246,-1.041749,0.9088373,-0.2635701,14.38457,223.7605,356.6507,14.385,-136.24,-3.349,318.3249,222.4191,355.8057,-41.675,-137.581,-4.194,334.9279,257.3687,356.127,-25.072,-102.631,-3.873,0.9428739,457.5599,True,True,True,True,True,True,True,True,True,True,True,True,True,True,True,True,True,True,True,,
Andi,Reflective,Intro,Standup,9.392003,4.413208,-0.6435381,1.226801,-0.2194791,-0.7918882,1.037601,-0.4626043,-1.041055,0.9081572,-0.2631977,14.19808,223.6507,356.7598,14.198,-136.349,-3.24,318.3349,222.4315,356.1141,-41.665,-137.568,-3.886,335.0195,257.4156,356.0322,-24.981,-102.584,-3.968,0.9326444,454.6576,True,True,True,True,True,True,True,True,True,True,True,True,True,True,True,True,True,True,True,,
Andi,Reflective,Intro,Standup,9.518909,4.414971,-0.6427933,1.227582,-0.2182578,-0.7907021,1.037684,-0.4619865,-1.039758,0.9098495,-0.2637525,13.82112,223.7919,356.7177,13.821,-136.208,-3.282,318.2023,222.3269,356.1995,-41.798,-137.673,-3.801,334.7243,257.3522,355.8831,-25.276,-102.648,-4.117,0.9224659,451.7697,True,True,True,True,True,True,True,True,True,True,True,True,True,True,True,True,True,True,True,,
Andi,Reflective,Intro,Standup,9.652603,4.416082,-0.6423954,1.227718,-0.2174603,-0.7894911,1.036748,-0.462745,-1.037863,0.9117834,-0.2638767,13.6753,224.0249,356.6779,13.675,-135.975,-3.322,318.259,222.1914,356.4213,-41.741,-137.809,-3.579,334.2245,257.1256,355.9845,-25.776,-102.874,-4.016,0.9123217,448.8915,True,True,True,True,True,True,True,True,True,True,True,True,True,True,True,True,True,True,True,,
Andi,Reflective,Intro,Standup,9.78121,4.41723,-0.6428658,1.227554,-0.2181186,-0.7886316,1.035947,-0.4642801,-1.037816,0.9118532,-0.2632763,13.69672,224.1196,356.6578,13.697,-135.88,-3.342,318.3828,221.911,356.7519,-41.617,-138.089,-3.248,334.0996,257.1404,356.0697,-25.9,-102.86,-3.93,0.9021984,446.0193,True,True,True,True,True,True,True,True,True,True,True,True,True,True,True,True,True,True,True,,
Andi,Reflective,Intro,Standup,9.913797,4.419433,-0.6438109,1.226871,-0.2199484,-0.7894112,1.033573,-0.4652679,-1.038299,0.9102799,-0.262599,13.93581,224.0489,356.6089,13.936,-135.951,-3.391,318.8183,222.0101,356.9857,-41.182,-137.99,-3.014,334.2888,257.3765,356.12,-25.711,-102.624,-3.88,0.8920865,443.1503,True,True,True,True,True,True,True,True,True,True,True,True,True,True,True,True,True,True,True,,
Andi,Reflective,Intro,Standup,10.03457,4.42139,-0.6447407,1.226369,-0.2215687,-0.7897407,1.032719,-0.4664388,-1.038403,0.9097417,-0.2632701,13.92458,224.1369,356.7626,13.925,-135.863,-3.237,318.9344,221.8999,357.0161,-41.066,-138.1,-2.984,334.3983,257.2475,356.3244,-25.602,-102.752,-3.676,0.8836631,440.7603,True,True,True,True,True,True,True,True,True,True,True,True,True,True,True,True,True,True,True,,
Andi,Reflective,Intro,Standup,10.15996,4.423899,-0.6456181,1.226118,-0.2237709,-0.7895459,1.032222,-0.467921,-1.038089,0.9098339,-0.264761,14.09064,224.0723,356.8063,14.091,-135.928,-3.194,318.9904,221.8083,357.1714,-41.01,-138.192,-2.829,334.3742,257.038,356.5026,-25.626,-102.962,-3.497,0.8735571,437.893,True,True,True,True,True,True,True,True,True,True,True,True,True,True,True,True,True,True,True,,
Andi,Reflective,Intro,Standup,10.28198,4.426234,-0.6463493,1.225686,-0.225871,-0.7901667,1.030388,-0.4699264,-1.037478,0.9095564,-0.2662816,14.30595,223.9216,356.8718,14.306,-136.078,-3.128,319.3227,221.752,357.2101,-40.677,-138.248,-2.79,334.4456,256.7746,356.6811,-25.554,-103.225,-3.319,0.8634569,435.0273,True,True,True,True,True,True,True,True,True,True,True,True,True,True,True,True,True,True,True,,
Andi,Reflective,Intro,Standup,10.40154,4.428885,-0.6474321,1.225033,-0.22816,-0.7904561,1.029258,-0.4714544,-1.037394,0.9083116,-0.2673171,14.55186,223.8501,356.9277,14.552,-136.15,-3.072,319.5012,221.6465,357.4008,-40.499,-138.353,-2.599,334.6956,256.5986,356.916,-25.304,-103.401,-3.084,0.8550471,432.6412,True,True,True,True,True,True,True,True,True,True,True,True,True,True,True,True,True,True,True,,
Andi,Reflective,Intro,Standup,10.52888,4.431084,-0.6473144,1.224469,-0.2301739,-0.7905351,1.028287,-0.4726367,-1.037192,0.9064272,-0.2685318,14.65688,223.6309,357.1175,14.657,-136.369,-2.883,319.6654,221.6401,357.4514,-40.335,-138.36,-2.549,335.0003,256.4398,357.2328,-25,-103.56,-2.767,0.8449653,429.7808,True,True,True,True,True,True,True,True,True,True,True,True,True,True,True,True,True,True,True,,
Andi,Reflective,Intro,Standup,10.65222,4.432543,-0.6470036,1.224331,-0.2315127,-0.7904475,1.027801,-0.4732144,-1.036959,0.9059601,-0.2695374,14.88021,223.4313,357.1837,14.88,-136.569,-2.816,319.7837,221.6488,357.4631,-40.216,-138.351,-2.537,335.1772,256.3728,357.3796,-24.823,-103.627,-2.62,0.8348956,426.9237,True,True,True,True,True,True,True,True,True,True,True,True,True,True,True,True,True,True,True,,
Andi,Reflective,Intro,Standup,10.78508,4.43367,-0.6462207,1.224385,-0.2313763,-0.7901461,1.027376,-0.4737809,-1.036362,0.9063781,-0.2706575,14.74667,223.4866,357.2957,14.747,-136.513,-2.704,319.902,221.5864,357.5889,-40.098,-138.414,-2.411,335.0661,256.157,357.4883,-24.934,-103.843,-2.512,0.8248364,424.0697,True,True,True,True,True,True,True,True,True,True,True,True,True,True,True,True,True,True,True,,
Andi,Reflective,Intro,Standup,10.91943,4.435452,-0.6447781,1.225111,-0.2308068,-0.7889526,1.027887,-0.4741464,-1.035152,0.9075491,-0.2708938,14.5898,223.4818,357.3968,14.59,-136.518,-2.603,319.8655,221.4733,357.5656,-40.134,-138.527,-2.434,334.9283,256.1703,357.347,-25.072,-103.83,-2.653,0.8147829,421.2172,True,True,True,True,True,True,True,True,True,True,True,True,True,True,True,True,True,True,True,,
Andi,Reflective,Intro,Standup,11.05351,4.436717,-0.6438692,1.224836,-0.2301474,-0.7881562,1.028506,-0.4745927,-1.03452,0.9093173,-0.2708657,14.56063,223.5001,357.4042,14.561,-136.5,-2.596,319.7271,221.4239,357.6628,-40.273,-138.576,-2.337,334.6021,256.1895,357.2461,-25.398,-103.811,-2.754,0.8047308,418.3652,True,True,True,True,True,True,True,True,True,True,True,True,True,True,True,True,True,True,True,,
Andi,Reflective,Intro,Standup,11.18727,4.438108,-0.6427222,1.225339,-0.2301312,-0.788053,1.028755,-0.4744999,-1.034243,0.9098217,-0.27177,14.42079,223.4727,357.5607,14.421,-136.527,-2.439,319.6391,221.5646,357.5869,-40.361,-138.435,-2.413,334.5183,256.0708,357.2174,-25.482,-103.929,-2.783,0.794668,415.5101,True,True,True,True,True,True,True,True,True,True,True,True,True,True,True,True,True,True,True,,
Andi,Reflective,Intro,Standup,11.30779,4.43921,-0.6418023,1.225506,-0.2303683,-0.7877609,1.029147,-0.4742949,-1.033867,0.9100401,-0.2719076,14.42127,223.332,357.5855,14.421,-136.668,-2.414,319.5702,221.5836,357.7607,-40.43,-138.416,-2.239,334.3968,256.0391,357.2024,-25.603,-103.961,-2.798,0.7845948,412.6521,True,True,True,True,True,True,True,True,True,True,True,True,True,True,True,True,True,True,True,,
Andi,Reflective,Intro,Standup,11.42922,4.440269,-0.641293,1.225383,-0.2303546,-0.7874762,1.028896,-0.4748938,-1.033326,0.910279,-0.2728331,14.38272,223.1965,357.7251,14.383,-136.803,-2.275,319.4923,221.4488,357.7608,-40.508,-138.551,-2.239,334.3287,255.9489,357.1971,-25.671,-104.051,-2.803,0.7745107,409.791,True,True,True,True,True,True,True,True,True,True,True,True,True,True,True,True,True,True,True,,
Andi,Reflective,Intro,Standup,11.56409,4.441326,-0.6405626,1.225232,-0.2305878,-0.7873629,1.028798,-0.4751418,-1.032638,0.9107434,-0.2733333,14.34508,222.9756,357.7585,14.345,-137.024,-2.242,319.498,221.3409,357.8988,-40.502,-138.659,-2.101,334.1726,255.8573,357.1337,-25.827,-104.143,-2.866,0.7644157,406.9268,True,True,True,True,True,True,True,True,True,True,True,True,True,True,True,True,True,True,True,,
Andi,Reflective,Intro,Standup,11.69705,4.44255,-0.6402428,1.225187,-0.2315039,-0.7871553,1.02799,-0.4766662,-1.032588,0.9097446,-0.2734778,14.27724,222.8416,357.832,14.277,-137.158,-2.168,319.8123,220.939,358.0424,-40.188,-139.061,-1.958,334.2967,255.9053,357.1089,-25.703,-104.095,-2.891,0.7543119,404.0601,True,True,True,True,True,True,True,True,True,True,True,True,True,True,True,True,True,True,True,,
Andi,Reflective,Intro,Standup,11.83508,4.443404,-0.6403297,1.225236,-0.2318457,-0.7871431,1.026754,-0.47774,-1.033142,0.9087127,-0.272048,14.26197,222.7859,357.7425,14.262,-137.214,-2.257,320.2529,220.9452,357.9454,-39.747,-139.055,-2.055,334.4381,256.1188,357.0602,-25.562,-103.881,-2.94,0.7531326,403.7254,True,True,True,True,True,True,True,True,True,True,True,True,True,True,True,True,True,True,True,,
Andi,Reflective,Intro,Standup,11.95878,4.444602,-0.6404824,1.22495,-0.232866,-0.786913,1.026468,-0.4787114,-1.033874,0.9077364,-0.2718732,14.28158,222.6206,357.8723,14.282,-137.379,-2.128,320.4411,220.616,357.9272,-39.559,-139.384,-2.073,334.6017,256.2225,357.0813,-25.398,-103.778,-2.919,0.7521484,403.4462,True,True,True,True,True,True,True,True,True,True,True,True,True,True,True,True,True,True,True,,
Andi,Reflective,Intro,Standup,12.09223,4.445812,-0.6402802,1.225072,-0.233254,-0.786981,1.025479,-0.4793065,-1.034053,0.9070006,-0.2716148,14.26778,222.5179,357.8876,14.268,-137.482,-2.112,320.7457,220.4557,357.7455,-39.254,-139.544,-2.255,334.7578,256.3228,357.0222,-25.242,-103.677,-2.978,0.7509519,403.1067,True,True,True,True,True,True,True,True,True,True,True,True,True,True,True,True,True,True,True,,
Andi,Reflective,Intro,Standup,12.22643,4.446497,-0.64015,1.224822,-0.2331296,-0.7864646,1.025299,-0.4799719,-1.033851,0.9068415,-0.2715967,14.25976,222.4106,357.8781,14.26,-137.589,-2.122,320.8432,220.2957,357.7438,-39.157,-139.704,-2.256,334.7477,256.3037,356.9267,-25.252,-103.696,-3.073,0.7497132,402.7553,True,True,True,True,True,True,True,True,True,True,True,True,True,True,True,True,True,True,True,,
Andi,Reflective,Intro,Standup,12.35876,4.447394,-0.6403149,1.224826,-0.2331071,-0.7858241,1.025086,-0.4805999,-1.033886,0.9056066,-0.2715869,14.2606,222.5042,357.7717,14.261,-137.496,-2.228,321.1208,220.2392,357.9972,-38.879,-139.761,-2.003,335.0156,256.2952,356.8805,-24.984,-103.705,-3.119,0.748446,402.3957,True,True,True,True,True,True,True,True,True,True,True,True,True,True,True,True,True,True,True,,
Andi,Reflective,Intro,Standup,12.47958,4.448263,-0.6399733,1.224925,-0.2332969,-0.7848374,1.025413,-0.4822044,-1.033755,0.9058312,-0.2711618,14.24363,222.374,357.7592,14.244,-137.626,-2.241,321.2689,219.8513,358.2278,-38.731,-140.149,-1.772,335.0988,256.4035,356.8341,-24.901,-103.596,-3.166,0.7471735,402.0347,True,True,True,True,True,True,True,True,True,True,True,True,True,True,True,True,True,True,True,,
Andi,Reflective,Intro,Standup,12.60139,4.448966,-0.6396545,1.225013,-0.2332237,-0.7841994,1.0251,-0.4830937,-1.033759,0.9059837,-0.2703969,14.21637,222.3607,357.7672,14.216,-137.639,-2.233,321.3934,219.5445,358.3949,-38.607,-140.456,-1.605,335.1747,256.3691,356.9052,-24.825,-103.631,-3.095,0.7459053,401.6749,True,True,True,True,True,True,True,True,True,True,True,True,True,True,True,True,True,True,True,,
Andi,Reflective,Intro,Standup,12.73032,4.449659,-0.639557,1.224953,-0.2336368,-0.7842484,1.024305,-0.4838002,-1.033757,0.9062247,-0.2703464,14.28433,222.3095,357.7959,14.284,-137.69,-2.204,321.5949,219.5952,358.3241,-38.405,-140.405,-1.676,335.2283,256.412,356.8943,-24.772,-103.588,-3.106,0.7446402,401.3159,True,True,True,True,True,True,True,True,True,True,True,True,True,True,True,True,True,True,True,,
Andi,Reflective,Intro,Standup,12.86249,4.450344,-0.6391659,1.224891,-0.2338701,-0.7840021,1.023265,-0.4841602,-1.033312,0.905009,-0.2701552,14.29281,222.3371,357.7534,14.293,-137.663,-2.247,321.9043,219.6014,358.309,-38.096,-140.399,-1.691,335.5305,256.4369,356.9347,-24.469,-103.563,-3.065,0.7435862,401.0169,True,True,True,True,True,True,True,True,True,True,True,True,True,True,True,True,True,True,True,,
Andi,Reflective,Intro,Standup,12.99638,4.45112,-0.6386554,1.225034,-0.2338143,-0.7840656,1.022975,-0.4843471,-1.033088,0.9051844,-0.2702038,14.23841,222.0796,357.8261,14.238,-137.92,-2.174,322.0531,219.6072,358.1077,-37.947,-140.393,-1.892,335.6361,256.3354,356.9458,-24.364,-103.665,-3.054,0.7425287,400.7168,True,True,True,True,True,True,True,True,True,True,True,True,True,True,True,True,True,True,True,,
Andi,Reflective,Intro,Standup,13.13087,4.452177,-0.6377304,1.225239,-0.2337735,-0.783383,1.022662,-0.4842565,-1.032935,0.9051336,-0.2705612,14.12391,221.9963,357.8604,14.124,-138.004,-2.14,321.9764,219.7724,357.7701,-38.024,-140.228,-2.23,335.7527,256.349,356.9521,-24.247,-103.651,-3.048,0.7414651,400.4151,True,True,True,True,True,True,True,True,True,True,True,True,True,True,True,True,True,True,True,,
Andi,Reflective,Intro,Standup,13.28497,4.452988,-0.637259,1.225325,-0.2336384,-0.7795608,1.025853,-0.4819894,-1.032769,0.9051211,-0.2702985,14.04301,221.904,357.9191,14.043,-138.096,-2.081,320.3789,219.7574,358.8913,-39.621,-140.243,-1.109,335.7433,256.3062,357.0714,-24.257,-103.694,-2.929,0.735506,398.7243,True,True,True,True,True,True,True,True,True,True,True,True,True,True,True,True,True,True,True,,
Andi,Reflective,Intro,Standup,13.41026,4.45407,-0.6364953,1.225155,-0.2340492,-0.7797619,1.027323,-0.4815238,-1.032999,0.9048359,-0.2702131,14.0641,221.5883,358.0468,14.064,-138.412,-1.953,320.4211,220.0775,358.6602,-39.579,-139.922,-1.34,335.8474,256.3895,357.0401,-24.153,-103.611,-2.96,0.7244743,395.5944,True,True,True,True,True,True,True,True,True,True,True,True,True,True,True,True,True,True,True,,
Andi,Reflective,Intro,Standup,13.53993,4.455586,-0.635173,1.225302,-0.2344559,-0.779011,1.026406,-0.4829164,-1.032036,0.9056329,-0.2708697,13.96721,221.1152,358.118,13.967,-138.885,-1.882,320.634,219.7276,358.8188,-39.366,-140.272,-1.181,335.7327,256.2785,357.0229,-24.267,-103.722,-2.977,0.7135397,392.4919,True,True,True,True,True,True,True,True,True,True,True,True,True,True,True,True,True,True,True,,
Andi,Reflective,Intro,Standup,13.68392,4.456861,-0.6342974,1.225698,-0.2351625,-0.7787716,1.025398,-0.4835703,-1.032126,0.9053563,-0.2712467,13.92541,220.7805,358.2662,13.925,-139.219,-1.734,320.9771,219.6388,358.6921,-39.023,-140.361,-1.308,335.8521,256.2752,357.1003,-24.148,-103.725,-2.9,0.7008547,388.8929,True,True,True,True,True,True,True,True,True,True,True,True,True,True,True,True,True,True,True,,
Andi,Reflective,Intro,Standup,13.80971,4.4582,-0.6330839,1.225534,-0.2354979,-0.7778803,1.026145,-0.4839551,-1.031781,0.9063798,-0.2716539,13.98705,220.4276,358.3559,13.987,-139.572,-1.644,320.8557,219.3452,358.7968,-39.144,-140.655,-1.203,335.6634,256.2069,357.1042,-24.337,-103.793,-2.896,0.6918244,386.3307,True,True,True,True,True,True,True,True,True,True,True,True,True,True,True,True,True,True,True,,
Andi,Reflective,Intro,Standup,13.94608,4.459146,-0.6323465,1.225667,-0.2353026,-0.7766306,1.026498,-0.4839413,-1.031186,0.9064178,-0.2723954,13.98158,220.3944,358.4536,13.982,-139.606,-1.546,320.8387,219.2736,358.883,-39.161,-140.726,-1.117,335.6786,256.0388,357.1222,-24.321,-103.961,-2.878,0.6810002,383.2596,True,True,True,True,True,True,True,True,True,True,True,True,True,True,True,True,True,True,True,,
Andi,Reflective,Intro,Standup,14.08055,4.460142,-0.6318527,1.225662,-0.2351978,-0.7757802,1.026827,-0.4843669,-1.030947,0.9061787,-0.2733243,13.96082,220.276,358.4854,13.961,-139.724,-1.515,320.805,219.138,358.9667,-39.195,-140.862,-1.033,335.6669,255.9598,357.1364,-24.333,-104.04,-2.864,0.6701801,380.1897,True,True,True,True,True,True,True,True,True,True,True,True,True,True,True,True,True,True,True,,
Andi,Reflective,Intro,Standup,14.21542,4.460835,-0.6315335,1.225627,-0.2352776,-0.7752557,1.027768,-0.4842274,-1.03056,0.9063396,-0.2742286,14.00019,220.1726,358.5265,14,-139.827,-1.473,320.8692,219.2095,359.0211,-39.131,-140.79,-0.979,335.6169,255.8327,357.0387,-24.383,-104.167,-2.961,0.6593614,377.1201,True,True,True,True,True,True,True,True,True,True,True,True,True,True,True,True,True,True,True,,
Andi,Reflective,Intro,Standup,14.34905,4.461571,-0.6318274,1.22556,-0.2351052,-0.7752146,1.02824,-0.4844708,-1.030279,0.9065174,-0.2756703,14.06743,220.2326,358.4774,14.067,-139.767,-1.523,320.817,219.1589,359.0859,-39.183,-140.841,-0.914,335.4823,255.6147,356.9479,-24.518,-104.385,-3.052,0.6485417,374.0503,True,True,True,True,True,True,True,True,True,True,True,True,True,True,True,True,True,True,True,,
Andi,Reflective,Intro,Standup,14.46923,4.462152,-0.6318179,1.225557,-0.2351958,-0.7749084,1.028143,-0.4848635,-1.029588,0.9065761,-0.2766426,14.07465,220.2856,358.4418,14.075,-139.714,-1.558,320.8917,219.1467,359.1438,-39.108,-140.853,-0.8560001,335.3353,255.4484,356.9451,-24.665,-104.552,-3.055,0.6377203,370.98,True,True,True,True,True,True,True,True,True,True,True,True,True,True,True,True,True,True,True,,
Andi,Reflective,Intro,Standup,14.5894,4.46273,-0.6315482,1.225404,-0.2355895,-0.7747917,1.027903,-0.4850378,-1.029654,0.9057888,-0.2774904,14.10136,220.2446,358.5807,14.101,-139.755,-1.419,320.9486,219.1481,359.2014,-39.051,-140.852,-0.799,335.4128,255.369,356.9176,-24.587,-104.631,-3.082,0.6323085,369.4445,True,True,True,True,True,True,True,True,True,True,True,True,True,True,True,True,True,True,True,,
Andi,Reflective,Intro,Standup,14.74237,4.463293,-0.6314866,1.225525,-0.2360554,-0.774956,1.027503,-0.4851029,-1.029439,0.9056872,-0.2780087,14.01128,220.2526,358.5416,14.011,-139.747,-1.458,321.0279,219.1237,359.3434,-38.972,-140.876,-0.657,335.2794,255.2684,356.9332,-24.721,-104.732,-3.067,0.6250912,367.3968,True,True,True,True,True,True,True,True,True,True,True,True,True,True,True,True,True,True,True,,
Andi,Reflective,Intro,Standup,14.86306,4.463911,-0.6315046,1.225402,-0.2364181,-0.7748053,1.027163,-0.4856107,-1.029573,0.9053465,-0.2780972,14.03173,220.1832,358.5569,14.032,-139.817,-1.443,321.0962,219.1292,359.4094,-38.904,-140.871,-0.591,335.2827,255.3478,356.9675,-24.717,-104.652,-3.033,0.6142641,364.3249,True,True,True,True,True,True,True,True,True,True,True,True,True,True,True,True,True,True,True,,
Andi,Reflective,Intro,Standup,14.98363,4.464611,-0.6313787,1.225366,-0.2368975,-0.7742947,1.02639,-0.4865379,-1.029482,0.9042097,-0.2783439,14.04681,220.229,358.5898,14.047,-139.771,-1.41,321.133,219.0243,359.433,-38.867,-140.976,-0.567,335.417,255.3047,357.0475,-24.583,-104.695,-2.953,0.603437,361.2529,True,True,True,True,True,True,True,True,True,True,True,True,True,True,True,True,True,True,True,,
Andi,Reflective,Intro,Standup,15.10786,4.4657,-0.6313314,1.225024,-0.2376667,-0.7738167,1.025775,-0.487052,-1.029029,0.9036559,-0.2789164,14.15793,220.0568,358.6128,14.158,-139.943,-1.387,321.1845,218.9639,359.4669,-38.815,-141.036,-0.5330001,335.5596,255.22,357.1734,-24.44,-104.78,-2.827,0.5926105,358.1812,True,True,True,True,True,True,True,True,True,True,True,True,True,True,True,True,True,True,True,,
Andi,Reflective,Intro,Standup,15.24647,4.466724,-0.6312318,1.224951,-0.2385193,-0.7731305,1.024999,-0.4876766,-1.02912,0.9032464,-0.2790763,14.0592,220.0018,358.7027,14.059,-139.998,-1.297,321.1621,218.8029,359.6118,-38.838,-141.197,-0.388,335.769,255.2113,357.3595,-24.231,-104.789,-2.64,0.5817849,355.1097,True,True,True,True,True,True,True,True,True,True,True,True,True,True,True,True,True,True,True,,
Andi,Reflective,Intro,Standup,15.37609,4.467933,-0.6311491,1.224566,-0.2394567,-0.7722553,1.02493,-0.4887922,-1.029019,0.9024678,-0.2792387,14.21475,219.9939,358.779,14.215,-140.006,-1.221,321.1512,218.5194,359.8292,-38.849,-141.481,-0.171,336.0177,255.2599,357.4811,-23.982,-104.74,-2.519,0.5709606,352.0385,True,True,True,True,True,True,True,True,True,True,True,True,True,True,True,True,True,True,True,,
Andi,Reflective,Intro,Standup,15.49951,4.468753,-0.6308174,1.224397,-0.2397032,-0.7719986,1.024552,-0.4890265,-1.029091,0.9025397,-0.2785594,14.24187,219.8199,358.7798,14.242,-140.18,-1.22,321.271,218.4709,359.8923,-38.729,-141.529,-0.108,336.1149,255.2532,357.5674,-23.885,-104.747,-2.433,0.5601375,348.9678,True,True,True,True,True,True,True,True,True,True,True,True,True,True,True,True,True,True,True,,
Andi,Reflective,Intro,Standup,15.61998,4.469591,-0.6307328,1.224641,-0.2401581,-0.7714696,1.024022,-0.4894588,-1.02901,0.9023278,-0.278821,14.25956,219.8062,358.8053,14.26,-140.194,-1.195,321.4226,218.5347,359.8929,-38.577,-141.465,-0.107,336.267,255.2324,357.6913,-23.733,-104.768,-2.309,0.5493156,345.8973,True,True,True,True,True,True,True,True,True,True,True,True,True,True,True,True,True,True,True,,
Andi,Reflective,Intro,Standup,15.76521,4.470738,-0.6300271,1.224446,-0.2408981,-0.7695196,1.023143,-0.4915683,-1.028322,0.9017111,-0.2792821,14.30382,219.6776,358.8749,14.304,-140.322,-1.125,321.577,218.068,0.1993738,-38.423,-141.932,0.199,336.4261,255.1378,357.6802,-23.574,-104.862,-2.32,0.536691,342.3154,True,True,True,True,True,True,True,True,True,True,True,True,True,True,True,True,True,True,True,,
Andi,Reflective,Intro,Standup,15.88753,4.471891,-0.629334,1.224464,-0.2417121,-0.7685298,1.022895,-0.4926283,-1.028316,0.9020881,-0.2795532,14.29156,219.5785,359.0205,14.292,-140.422,-0.979,321.5977,217.8365,0.3398377,-38.402,-142.164,0.34,336.3977,255.1362,357.5914,-23.602,-104.864,-2.409,0.5258707,339.2454,True,True,True,True,True,True,True,True,True,True,True,True,True,True,True,True,True,True,True,,
Andi,Reflective,Intro,Standup,16.02416,4.473159,-0.6286433,1.224119,-0.2425116,-0.7675681,1.022867,-0.4932561,-1.027376,0.9021552,-0.2802422,14.37467,219.4335,359.1622,14.375,-140.566,-0.8380001,321.6469,217.6385,0.5026073,-38.353,-142.361,0.503,336.3412,255.0401,357.4495,-23.659,-104.96,-2.551,0.5150512,336.1756,True,True,True,True,True,True,True,True,True,True,True,True,True,True,True,True,True,True,True,,
Andi,Reflective,Intro,Standup,16.15824,4.473895,-0.6284387,1.22401,-0.2429354,-0.7673832,1.022559,-0.4935288,-1.027182,0.9018856,-0.2804401,14.35291,219.2986,359.2628,14.353,-140.701,-0.737,321.7624,217.6333,0.5390635,-38.238,-142.367,0.539,336.313,255.0051,357.3008,-23.687,-104.995,-2.699,0.5042372,333.1074,True,True,True,True,True,True,True,True,True,True,True,True,True,True,True,True,True,True,True,,
Andi,Reflective,Intro,Standup,16.29236,4.474727,-0.6281295,1.223862,-0.2435605,-0.767179,1.022078,-0.4943488,-1.027437,0.9011524,-0.2805531,14.43639,219.0443,359.2936,14.436,-140.956,-0.706,321.8812,217.5397,0.5333877,-38.119,-142.46,0.5330001,336.3354,255.0286,357.182,-23.665,-104.971,-2.818,0.4934281,330.0406,True,True,True,True,True,True,True,True,True,True,True,True,True,True,True,True,True,True,True,,
Andi,Reflective,Intro,Standup,16.42631,4.475329,-0.6277719,1.223836,-0.243355,-0.7674328,1.022116,-0.4939694,-1.027683,0.9005466,-0.2804174,14.36233,218.8663,359.3188,14.362,-141.134,-0.6810001,321.9366,217.7296,0.411528,-38.063,-142.27,0.412,336.3506,255.1174,357.0965,-23.649,-104.883,-2.904,0.4826206,326.9742,True,True,True,True,True,True,True,True,True,True,True,True,True,True,True,True,True,True,True,,
Andi,Reflective,Intro,Standup,16.55104,4.476174,-0.6282152,1.223804,-0.2430979,-0.7679628,1.02219,-0.4938047,-1.02777,0.9001499,-0.2810485,14.4908,218.8084,359.3109,14.491,-141.192,-0.689,322.0298,217.856,0.3119832,-37.97,-142.144,0.312,336.4139,255.0219,357.0424,-23.586,-104.978,-2.958,0.4718132,323.9079,True,True,True,True,True,True,True,True,True,True,True,True,True,True,True,True,True,True,True,,
Andi,Reflective,Intro,Standup,16.66981,4.476874,-0.6286199,1.22355,-0.2427843,-0.7682623,1.021944,-0.4936881,-1.027675,0.8997958,-0.2816036,14.58176,218.81,359.251,14.582,-141.19,-0.749,322.0467,217.8961,0.20425,-37.953,-142.104,0.204,336.3813,254.9632,357.0254,-23.619,-105.037,-2.975,0.4610039,320.841,True,True,True,True,True,True,True,True,True,True,True,True,True,True,True,True,True,True,True,,
Andi,Reflective,Intro,Standup,16.80593,4.477651,-0.6289582,1.223738,-0.2424773,-0.7688811,1.022601,-0.4932261,-1.027686,0.8992256,-0.2822399,14.62658,218.8047,359.2212,14.627,-141.195,-0.779,322.0417,217.9851,0.1782281,-37.958,-142.015,0.178,336.4636,254.8779,356.9948,-23.536,-105.122,-3.005,0.448393,317.2629,True,True,True,True,True,True,True,True,True,True,True,True,True,True,True,True,True,True,True,,
Andi,Reflective,Intro,Standup,16.93375,4.478771,-0.6297054,1.223951,-0.2417356,-0.7700907,1.022742,-0.4925938,-1.028329,0.899285,-0.2827771,14.62798,218.8703,359.168,14.628,-141.13,-0.832,321.9582,218.1736,0.05301007,-38.042,-141.826,0.053,336.4646,254.854,356.9263,-23.535,-105.146,-3.074,0.437584,314.1962,True,True,True,True,True,True,True,True,True,True,True,True,True,True,True,True,True,True,True,,
Andi,Reflective,Intro,Standup,17.07374,4.479536,-0.6298943,1.223986,-0.2421268,-0.7704575,1.022989,-0.4924562,-1.028203,0.899668,-0.2835555,14.73126,218.9116,359.2222,14.731,-141.088,-0.7780001,321.8698,218.119,0.1611201,-38.13,-141.881,0.161,336.3698,254.7499,356.9361,-23.63,-105.25,-3.064,0.4267758,311.1296,True,True,True,True,True,True,True,True,True,True,True,True,True,True,True,True,True,True,True,,
Andi,Reflective,Intro,Standup,17.20851,4.480452,-0.6295305,1.223824,-0.2421224,-0.770667,1.023246,-0.4925501,-1.028186,0.899777,-0.2839634,14.70971,218.8369,359.3325,14.71,-141.163,-0.668,321.8277,218.1704,0.1031646,-38.172,-141.83,0.103,336.3611,254.7138,357.0075,-23.639,-105.286,-2.992,0.4159698,308.0637,True,True,True,True,True,True,True,True,True,True,True,True,True,True,True,True,True,True,True,,
Andi,Reflective,Intro,Standup,17.34198,4.481606,-0.6291976,1.224267,-0.2414012,-0.7707485,1.023818,-0.4923363,-1.027933,0.899872,-0.2845383,14.62026,218.866,359.3715,14.62,-141.134,-0.629,321.789,218.3361,359.974,-38.211,-141.664,-0.026,336.3879,254.6493,357.0135,-23.612,-105.351,-2.987,0.4051669,304.9986,True,True,True,True,True,True,True,True,True,True,True,True,True,True,True,True,True,True,True,,
Andi,Reflective,Intro,Standup,17.46357,4.482718,-0.6285247,1.224572,-0.2409449,-0.7704276,1.023877,-0.4925926,-1.027199,0.8993549,-0.2859342,14.41897,218.8681,359.3585,14.419,-141.132,-0.642,321.7703,218.2975,359.9921,-38.23,-141.702,-0.008,336.4233,254.5429,356.9423,-23.577,-105.457,-3.058,0.3943672,301.9344,True,True,True,True,True,True,True,True,True,True,True,True,True,True,True,True,True,True,True,,
Andi,Reflective,Intro,Standup,17.58941,4.483531,-0.6280179,1.224749,-0.2409638,-0.7704201,1.02413,-0.492651,-1.026921,0.8999642,-0.2867444,14.34608,218.8782,359.3898,14.346,-141.122,-0.61,321.7471,218.3049,0.06615268,-38.253,-141.695,0.066,336.3491,254.4436,356.9312,-23.651,-105.556,-3.069,0.3835697,298.8709,True,True,True,True,True,True,True,True,True,True,True,True,True,True,True,True,True,True,True,,
Andi,Reflective,Intro,Standup,17.71348,4.484577,-0.6274675,1.224359,-0.2414404,-0.7697335,1.023995,-0.4928989,-1.026635,0.9001269,-0.2870605,14.3694,218.7731,359.498,14.369,-141.227,-0.502,321.7216,218.2198,0.1387697,-38.278,-141.78,0.139,336.2322,254.4595,357.0478,-23.768,-105.541,-2.952,0.3727738,295.8078,True,True,True,True,True,True,True,True,True,True,True,True,True,True,True,True,True,True,True,,
Andi,Reflective,Intro,Standup,17.85471,4.485662,-0.6268815,1.224252,-0.2421402,-0.769519,1.023224,-0.4931974,-1.02698,0.8993844,-0.2867835,14.26362,218.804,359.5689,14.264,-141.196,-0.431,321.7102,218.1587,0.2401382,-38.29,-141.841,0.24,336.2647,254.524,357.1765,-23.735,-105.476,-2.824,0.3601762,292.2336,True,True,True,True,True,True,True,True,True,True,True,True,True,True,True,True,True,True,True,,
Andi,Reflective,Intro,Standup,17.98983,4.487201,-0.6277312,1.22469,-0.2420242,-0.7699432,1.02271,-0.4933317,-1.026907,0.8984232,-0.2866337,14.05868,219.8474,359.618,14.059,-140.153,-0.382,321.7521,218.1742,0.3320252,-38.248,-141.826,0.332,336.4307,254.6057,357.2624,-23.569,-105.394,-2.738,0.3493762,289.1693,True,True,True,True,True,True,True,True,True,True,True,True,True,True,True,True,True,True,True,,
Andi,Reflective,Intro,Standup,18.12402,4.495997,-0.6333441,1.227463,-0.2358834,-0.7708633,1.021042,-0.4940684,-1.027547,0.8988512,-0.2855299,12.25393,227.4147,0.3851472,12.254,-132.585,0.385,321.8865,218.258,0.5531085,-38.113,-141.742,0.553,336.2829,254.7557,357.654,-23.717,-105.244,-2.346,0.3385791,286.1059,True,True,True,True,True,True,True,True,True,True,True,True,True,True,True,True,True,True,True,,
Andi,Reflective,Intro,Standup,18.25824,4.519539,-0.6446154,1.232043,-0.2158553,-0.7738342,1.017814,-0.4941328,-1.028075,0.8999373,-0.2816486,8.831528,245.4704,0.7402028,8.832001,-114.53,0.74,322.3097,218.9064,1.257098,-37.69,-141.094,1.257,336.2308,255.1538,358.209,-23.769,-104.846,-1.791,0.3277934,283.0457,True,True,True,True,True,True,True,True,True,True,True,True,True,True,True,True,True,True,True,,
Andi,Reflective,Intro,Standup,18.39218,4.552771,-0.6475136,1.237465,-0.1838108,-0.7811151,1.013068,-0.4943409,-1.028859,0.9034216,-0.2718389,3.819981,269.722,0.3398016,3.82,-90.27801,0.34,322.825,219.9366,2.667946,-37.175,-140.063,2.668,335.9799,256.6075,359.2446,-24.02,-103.392,-0.7550001,0.317023,279.9899,True,True,True,True,True,True,True,True,True,True,True,True,True,True,True,True,True,True,True,,
Andi,Reflective,Intro,Standup,18.52917,4.580786,-0.6386815,1.237379,-0.1575512,-0.7911927,1.008762,-0.4937756,-1.030212,0.912927,-0.254751,2.534261,287.9999,358.4516,2.534,-72,-1.548,323.361,221.3783,4.346504,-36.639,-138.622,4.347,335.0446,258.9789,0.2852957,-24.955,-101.021,0.285,0.3062575,276.9355,True,True,True,True,True,True,True,True,True,True,True,True,True,True,True,True,True,True,True,,
Andi,Reflective,Intro,Standup,18.6486,4.592968,-0.6340973,1.236635,-0.1571828,-0.8013844,1.005341,-0.4915502,-1.030571,0.9254033,-0.240289,4.094107,289.5463,358.9633,4.094,-70.454,-1.037,323.9245,222.8601,5.345998,-36.076,-137.14,5.346,333.5134,261.1181,0.6872258,-26.487,-98.882,0.687,0.2954989,273.883,True,True,True,True,True,True,True,True,True,True,True,True,True,True,True,True,True,True,True,,
Andi,Reflective,Intro,Standup,18.78392,4.632264,-0.6354347,1.245698,-0.1953052,-0.8010334,1.007836,-0.4875884,-1.02912,0.9268039,-0.2376149,2.57563,263.7848,1.201193,2.576,-96.215,1.201,323.9426,223.3001,5.011344,-36.057,-136.7,5.011,332.9709,261.8052,0.1741209,-27.029,-98.19501,0.174,0.2829626,270.3261,True,True,True,True,True,True,True,True,True,True,True,True,True,True,True,True,True,True,True,,
Andi,Reflective,Intro,Standup,18.91781,4.711795,-0.5955174,1.249441,-0.2577953,-0.7832916,1.018503,-0.4861977,-1.026586,0.917385,-0.2575581,3.061039,203.9823,0.8576349,3.061,-156.018,0.858,323.3571,221.7131,3.26622,-36.643,-138.287,3.266,334.292,259.3439,358.5376,-25.708,-100.656,-1.462,0.270438,266.7726,True,True,True,True,True,True,True,True,True,True,True,True,True,True,True,True,True,True,True,,
Andi,Reflective,Intro,Standup,19.05085,4.789562,-0.5241311,1.248599,-0.237427,-0.7520729,1.030597,-0.4791384,-1.017647,0.9124437,-0.2990601,2.113866,159.1127,2.666364,2.114,159.113,2.666,322.8312,219.4017,0.3577547,-37.169,-140.598,0.358,333.682,254.3996,357.1061,-26.318,-105.6,-2.894,0.2597076,263.728,True,True,True,True,True,True,True,True,True,True,True,True,True,True,True,True,True,True,True,,
Andi,Reflective,Intro,Standup,19.18459,4.849156,-0.4961265,1.246536,-0.1854084,-0.7039323,1.046561,-0.4711993,-0.9928023,0.9183139,-0.35624,1.676821,131.6243,1.055486,1.677,131.624,1.055,321.7195,213.4222,359.7048,-38.28,-146.578,-0.295,331.0621,247.1587,357.7945,-28.938,-112.841,-2.206,0.2489824,260.685,True,True,True,True,True,True,True,True,True,True,True,True,True,True,True,True,True,True,True,,
Andi,Reflective,Intro,Standup,19.31934,4.892023,-0.485584,1.248891,-0.1440621,-0.6433314,1.060739,-0.4603429,-0.9481897,0.9384526,-0.4149718,358.4968,111.4896,1.868435,-1.503,111.49,1.868,319.9134,205.6291,359.8276,-40.087,-154.371,-0.172,326.2289,239.304,358.4974,-33.771,-120.696,-1.503,0.2382648,257.6442,True,True,True,True,True,True,True,True,True,True,True,True,True,True,True,True,True,True,True,,
Andi,Reflective,Intro,Standup,19.44919,4.913151,-0.4827204,1.250567,-0.1233148,-0.566851,1.083183,-0.4509056,-0.8832153,0.9604076,-0.4663389,357.2054,99.8384,2.431096,-2.795,99.83801,2.431,316.4391,194.8579,359.9104,-43.561,-165.142,-0.09,321.8557,231.7278,357.7246,-38.144,-128.272,-2.275,0.2275625,254.6077,True,True,True,True,True,True,True,True,True,True,True,True,True,True,True,True,True,True,True,,
Andi,Reflective,Intro,Standup,19.57428,4.93104,-0.4795871,1.252512,-0.1058366,-0.4849701,1.114426,-0.4331851,-0.8016434,0.9803715,-0.511328,355.6891,86.19247,3.850713,-4.311,86.192,3.851,311.4472,182.9324,359.5591,-48.553,-177.068,-0.441,319.2689,223.36,354.6372,-40.731,-136.64,-5.363,0.2168797,251.5767,True,True,True,True,True,True,True,True,True,True,True,True,True,True,True,True,True,True,True,,
Andi,Reflective,Intro,Standup,19.70818,4.938011,-0.4773874,1.253678,-0.09954801,-0.4061984,1.144732,-0.4030695,-0.6964989,1.003813,-0.5477345,355.1693,73.74543,5.088546,-4.831,73.745,5.089,306.3184,170.8755,358.7039,-53.682,170.876,-1.296,316.8129,212.2394,351.0255,-43.187,-147.761,-8.975,0.2062164,248.5512,True,True,True,True,True,True,True,True,True,True,True,True,True,True,True,True,True,True,True,,
Andi,Reflective,Intro,Standup,19.83761,4.944454,-0.4772122,1.255306,-0.1050031,-0.3441282,1.167796,-0.3696742,-0.5907166,1.025778,-0.5623255,355.1164,60.71723,6.467127,-4.884,60.717,6.467,301.9681,158.174,359.6637,-58.032,158.174,-0.336,313.0647,200.5266,348.628,-46.935,-159.473,-11.372,0.1937927,245.0263,True,True,True,True,True,True,True,True,True,True,True,True,True,True,True,True,True,True,True,,
Andi,Reflective,Intro,Standup,19.96889,4.958807,-0.4746512,1.258777,-0.118629,-0.2907935,1.184461,-0.3359551,-0.4968786,1.037472,-0.5659859,354.4956,51.58589,6.464015,-5.504,51.586,6.464,299.0612,144.2227,2.327425,-60.939,144.223,2.327,311.3225,187.5962,348.5848,-48.677,-172.404,-11.415,0.1831485,242.0063,True,True,True,True,True,True,True,True,True,True,True,True,True,True,True,True,True,True,True,,
Andi,Reflective,Intro,Standup,20.10292,4.973401,-0.4763222,1.262198,-0.1325369,-0.2474856,1.195376,-0.3010538,-0.4285229,1.044738,-0.5613568,352.2083,43.47997,6.989411,-7.792,43.48,6.989,297.428,131.4075,4.534313,-62.572,131.408,4.534,310.017,179.151,347.7877,-49.983,179.151,-12.212,0.1725028,238.9858,True,True,True,True,True,True,True,True,True,True,True,True,True,True,True,True,True,True,True,,
Andi,Reflective,Intro,Standup,20.23595,4.989712,-0.4782237,1.26603,-0.1481517,-0.2201794,1.204105,-0.2749953,-0.3763347,1.049615,-0.5516148,349.9606,39.2475,7.985611,-10.039,39.248,7.986001,296.4014,121.7957,6.942122,-63.599,121.796,6.942,308.1594,172.7108,347.5194,-51.841,172.711,-12.481,0.1618484,235.9628,True,True,True,True,True,True,True,True,True,True,True,True,True,True,True,True,True,True,True,,
Andi,Reflective,Intro,Standup,20.36983,4.998497,-0.4794606,1.26843,-0.1564553,-0.2062451,1.211864,-0.2621396,-0.3434934,1.050447,-0.5424967,348.3362,36.28489,8.854416,-11.664,36.285,8.854,295.5783,117.3572,7.43614,-64.422,117.357,7.436,308.1788,168.4853,346.368,-51.821,168.485,-13.632,0.1511828,232.9368,True,True,True,True,True,True,True,True,True,True,True,True,True,True,True,True,True,True,True,,
Andi,Reflective,Intro,Standup,20.50026,5.002172,-0.4803411,1.269554,-0.1596475,-0.200278,1.213643,-0.2515728,-0.3220237,1.052871,-0.5347116,346.9461,33.48561,9.634071,-13.054,33.486,9.634001,295.2567,115.9275,6.648057,-64.743,115.927,6.648,307.3998,167.2653,345.3315,-52.6,167.265,-14.669,0.1387303,229.4037,True,True,True,True,True,True,True,True,True,True,True,True,True,True,True,True,True,True,True,,
Andi,Reflective,Intro,Standup,20.63416,5.006321,-0.4840861,1.270719,-0.1603641,-0.1963406,1.21655,-0.2377512,-0.3022255,1.055851,-0.5262706,345.8564,31.36412,10.40612,-14.144,31.364,10.406,294.8096,113.7796,5.950333,-65.19,113.78,5.95,307.1654,165.1698,344.3759,-52.835,165.17,-15.624,0.1262716,225.8688,True,True,True,True,True,True,True,True,True,True,True,True,True,True,True,True,True,True,True,,
Andi,Reflective,Intro,Standup,20.76827,5.010916,-0.4882645,1.271099,-0.1617627,-0.1964526,1.221079,-0.2263505,-0.2894092,1.055604,-0.518379,344.9703,29.5723,11.23597,-15.03,29.572,11.236,293.9642,112.2081,5.373735,-66.036,112.208,5.374,306.9502,163.8735,343.7432,-53.05,163.874,-16.257,0.1138101,222.3331,True,True,True,True,True,True,True,True,True,True,True,True,True,True,True,True,True,True,True,,
Andi,Reflective,Intro,Standup,20.90633,5.012427,-0.4891578,1.271172,-0.162519,-0.1950509,1.222721,-0.2239966,-0.2821878,1.055025,-0.5159183,344.821,29.04007,11.84778,-15.179,29.04,11.848,293.8671,112.2218,4.629809,-66.133,112.222,4.63,307.286,162.8513,343.7657,-52.714,162.851,-16.234,0.1031255,219.3017,True,True,True,True,True,True,True,True,True,True,True,True,True,True,True,True,True,True,True,,
Andi,Reflective,Intro,Standup,21.03955,5.014169,-0.4878033,1.271135,-0.1632619,-0.192564,1.221616,-0.2245958,-0.2803122,1.055963,-0.5156057,344.9023,29.08942,11.84055,-15.098,29.089,11.841,294.2656,112.3073,4.693203,-65.734,112.307,4.693,307.1046,162.7675,343.7427,-52.895,162.767,-16.257,0.09421043,216.7722,True,True,True,True,True,True,True,True,True,True,True,True,True,True,True,True,True,True,True,,
Andi,Reflective,Intro,Standup,21.17352,5.016098,-0.4863383,1.271315,-0.1626841,-0.1918042,1.221617,-0.223249,-0.2786116,1.056389,-0.5156116,345.0411,28.9049,11.89352,-14.959,28.905,11.894,294.2444,112.0916,4.843609,-65.756,112.092,4.844,307.0804,162.9602,343.5706,-52.92,162.96,-16.429,0.08528325,214.2393,True,True,True,True,True,True,True,True,True,True,True,True,True,True,True,True,True,True,True,,
Andi,Reflective,Intro,Standup,21.30789,5.018288,-0.4846571,1.271498,-0.1617512,-0.1905194,1.221651,-0.2213838,-0.2749057,1.056612,-0.5138364,345.2213,28.6839,11.8047,-14.779,28.684,11.805,294.1853,111.8114,4.852335,-65.815,111.811,4.852,306.9841,162.2466,343.8819,-53.016,162.247,-16.118,0.07634401,211.7031,True,True,True,True,True,True,True,True,True,True,True,True,True,True,True,True,True,True,True,,
Andi,Reflective,Intro,Standup,21.43773,5.019359,-0.4839731,1.271468,-0.1621639,-0.1876508,1.220983,-0.2204728,-0.2718824,1.056624,-0.5130084,345.2773,28.59497,11.84704,-14.723,28.595,11.847,294.4733,111.4829,4.832321,-65.527,111.483,4.832,307.2401,161.6515,344.1709,-52.76,161.652,-15.829,0.06739438,209.1638,True,True,True,True,True,True,True,True,True,True,True,True,True,True,True,True,True,True,True,,
Andi,Reflective,Intro,Standup,21.56316,5.02079,-0.4834592,1.271919,-0.1632189,-0.1873077,1.220613,-0.221442,-0.2715007,1.057722,-0.5125852,345.1441,28.51892,11.75004,-14.856,28.519,11.75,294.5259,111.9523,4.330844,-65.47401,111.952,4.331,307.0974,161.8223,343.8252,-52.903,161.822,-16.175,0.05843915,206.623,True,True,True,True,True,True,True,True,True,True,True,True,True,True,True,True,True,True,True,,
Andi,Reflective,Intro,Standup,21.68097,5.022201,-0.4840564,1.272048,-0.1642335,-0.1878466,1.22065,-0.2216215,-0.2689673,1.057786,-0.5121086,345.083,28.02023,11.86511,-14.917,28.02,11.865,294.5484,112.1703,3.908812,-65.452,112.17,3.909,307.0487,161.3964,344.0403,-52.951,161.396,-15.96,0.04947822,204.0806,True,True,True,True,True,True,True,True,True,True,True,True,True,True,True,True,True,True,True,,
Andi,Reflective,Intro,Standup,21.79998,5.024958,-0.4865024,1.272245,-0.1634901,-0.1882064,1.219945,-0.2195246,-0.2645079,1.059256,-0.509201,345.0073,26.54588,12.30361,-14.993,26.546,12.304,294.6357,112.0612,3.364894,-65.36401,112.061,3.365,306.9195,161.0071,343.7675,-53.081,161.007,-16.232,0.04051084,201.5363,True,True,True,True,True,True,True,True,True,True,True,True,True,True,True,True,True,True,True,,
Andi,Reflective,Intro,Standup,21.92251,5.030829,-0.4892524,1.27294,-0.1585849,-0.1891003,1.219065,-0.212539,-0.2520241,1.066694,-0.4994874,345.2825,22.75526,13.33181,-14.717,22.755,13.332,294.4482,111.4287,2.522485,-65.552,111.429,2.522,306.2226,159.5565,343.0635,-53.777,159.557,-16.936,0.03153748,198.9903,True,True,True,True,True,True,True,True,True,True,True,True,True,True,True,True,True,True,True,,
Andi,Reflective,Intro,Standup,22.05569,5.039358,-0.4858591,1.272863,-0.1512923,-0.1860229,1.215189,-0.2032216,-0.2336679,1.08043,-0.4785762,346.8396,19.40832,13.94453,-13.16,19.408,13.945,294.7261,110.3594,1.880733,-65.274,110.359,1.881,303.7508,156.0938,342.8298,-56.249,156.094,-17.17,0.02255857,196.4427,True,True,True,True,True,True,True,True,True,True,True,True,True,True,True,True,True,True,True,,
Andi,Reflective,Intro,Standup,22.18972,5.052997,-0.4725962,1.274312,-0.1488519,-0.1769366,1.211565,-0.1928923,-0.2171827,1.087828,-0.4591937,347.312,18.44842,12.05254,-12.688,18.448,12.053,295.4317,108.4334,1.797631,-64.568,108.433,1.798,302.5102,153.0114,342.5819,-57.49,153.011,-17.418,0.01357428,193.8937,True,True,True,True,True,True,True,True,True,True,True,True,True,True,True,True,True,True,True,,
Andi,Reflective,Intro,Standup,22.32353,5.076434,-0.4493915,1.274841,-0.1456978,-0.1657693,1.207188,-0.181905,-0.1968497,1.087745,-0.4461069,348.1712,17.95694,9.807837,-11.829,17.957,9.808001,295.9349,106.3476,2.110989,-64.065,106.348,2.111,302.5277,149.774,343.7287,-57.472,149.774,-16.271,0.004585972,191.3435,True,True,True,True,True,True,True,True,True,True,True,True,True,True,True,True,True,True,True,,
Andi,Reflective,Intro,Standup,22.45785,5.097934,-0.4282981,1.275138,-0.1415784,-0.150111,1.199925,-0.1738715,-0.1732118,1.084811,-0.4354918,348.9806,17.91008,8.762687,-11.019,17.91,8.763,297.0648,104.5906,2.777994,-62.935,104.591,2.778,302.9694,145.9934,346.0199,-57.031,145.993,-13.98,0,190.0423,True,True,True,True,True,True,True,True,True,True,True,True,True,True,True,True,True,True,True,,
Andi,Reflective,Intro,Standup,22.59212,5.115885,-0.4106675,1.275659,-0.1383986,-0.132819,1.191582,-0.1707351,-0.1516827,1.083242,-0.4255292,349.4463,17.699,7.916132,-10.554,17.699,7.916,298.6869,104.2246,2.54734,-61.313,104.225,2.547,303.4164,142.6176,347.834,-56.584,142.618,-12.166,0,190.0423,True,True,True,True,True,True,True,True,True,True,True,True,True,True,True,True,True,True,True,,
Andi,Reflective,Intro,Standup,22.72506,5.129482,-0.397217,1.276665,-0.1368037,-0.118341,1.182177,-0.1707754,-0.1359752,1.08156,-0.416898,349.5648,18.1891,6.869703,-10.435,18.189,6.87,300.4091,104.2863,2.142092,-59.591,104.286,2.142,304.1268,140.559,348.4154,-55.873,140.559,-11.585,0,190.0423,True,True,True,True,True,True,True,True,True,True,True,True,True,True,True,True,True,True,True,,
Andi,Reflective,Intro,Standup,22.85956,5.137822,-0.3889838,1.277622,-0.1371894,-0.1088891,1.175202,-0.1728499,-0.1256392,1.08061,-0.4113779,349.3856,18.61225,5.752278,-10.614,18.612,5.752,301.8308,104.7686,1.734411,-58.169,104.769,1.734,305.1396,139.343,348.0673,-54.86,139.343,-11.933,0,190.0423,True,True,True,True,True,True,True,True,True,True,True,True,True,True,True,True,True,True,True,,
Andi,Reflective,Intro,Standup,22.99396,5.140852,-0.3879872,1.279285,-0.1368366,-0.1033022,1.167302,-0.1764507,-0.1204172,1.078711,-0.4095299,349.2651,19.27261,5.469037,-10.735,19.273,5.469,303.5186,105.3212,0.6840317,-56.481,105.321,0.684,307.5358,139.6559,345.4548,-52.464,139.656,-14.545,0,190.0423,True,True,True,True,True,True,True,True,True,True,True,True,True,True,True,True,True,True,True,,
Andi,Reflective,Intro,Standup,23.11688,5.150458,-0.396356,1.282269,-0.1332992,-0.1023346,1.155936,-0.184881,-0.1159249,1.077239,-0.413975,348.8894,19.75116,5.800863,-11.111,19.751,5.801,305.4907,105.4938,358.9777,-54.509,105.494,-1.022,315.3231,140.5776,341.2204,-44.677,140.578,-18.78,0,190.0423,True,True,True,True,True,True,True,True,True,True,True,True,True,True,True,True,True,True,True,,
Andi,Reflective,Intro,Standup,23.25126,5.179368,-0.4209927,1.282033,-0.1184236,-0.105665,1.136089,-0.1952734,-0.1216729,1.083224,-0.4068577,347.5509,21.16376,6.62016,-12.449,21.164,6.62,311.238,102.9137,357.9647,-48.762,102.914,-2.035,321.3792,141.8388,337.4217,-38.621,141.839,-22.578,0,190.0423,True,True,True,True,True,True,True,True,True,True,True,True,True,True,True,True,True,True,True,,
Andi,Reflective,Intro,Standup,23.38483,5.228899,-0.4624673,1.278975,-0.09160548,-0.1259921,1.114452,-0.2029626,-0.1398571,1.090985,-0.3870687,347.4743,20.63142,9.265219,-12.526,20.631,9.265,312.2822,103.443,353.4367,-47.718,103.443,-6.563,325.1884,143.4199,335.0366,-34.812,143.42,-24.963,0,190.0423,True,True,True,True,True,True,True,True,True,True,True,True,True,True,True,True,True,True,True,,
Andi,Reflective,Intro,Standup,23.51879,5.281952,-0.5039141,1.275503,-0.05876186,-0.1602268,1.107183,-0.205533,-0.1650931,1.097082,-0.3639307,346.847,22.16409,10.60502,-13.153,22.164,10.605,310.1262,108.9287,349.3402,-49.874,108.929,-10.66,328.6636,142.0717,336.4728,-31.336,142.072,-23.527,0,190.0423,True,True,True,True,True,True,True,True,True,True,True,True,True,True,True,True,True,True,True,,
Andi,Reflective,Intro,Standup,23.65304,5.340247,-0.5443659,1.269867,-0.01720756,-0.1978317,1.101184,-0.1903229,-0.2059277,1.101219,-0.333143,345.8786,24.14894,11.5248,-14.121,24.149,11.525,309.094,113.191,345.4251,-50.906,113.191,-14.575,328.5976,144.0373,339.2911,-31.402,144.037,-20.709,0,190.0423,True,True,True,True,True,True,True,True,True,True,True,True,True,True,True,True,True,True,True,,
Andi,Reflective,Intro,Standup,23.78689,5.406278,-0.5869853,1.263044,0.03275485,-0.239259,1.09502,-0.1626182,-0.2472442,1.103805,-0.2910192,344.9576,26.58204,12.51494,-15.042,26.582,12.515,309.7539,116.4871,346.6241,-50.246,116.487,-13.376,326.8282,146.0394,339.84,-33.172,146.039,-20.16,0,190.0423,True,True,True,True,True,True,True,True,True,True,True,True,True,True,True,True,True,True,True,,
Andi,Reflective,Intro,Standup,23.92115,5.478286,-0.6318629,1.254764,0.08836528,-0.2776585,1.095186,-0.1183922,-0.2868269,1.113559,-0.2378099,343.7321,29.47976,13.26594,-16.268,29.48,13.266,309.9283,115.8527,350.931,-50.072,115.853,-9.069,323.6782,145.603,341.3744,-36.322,145.603,-18.626,0,190.0423,True,True,True,True,True,True,True,True,True,True,True,True,True,True,True,True,True,True,True,,
Andi,Reflective,Intro,Standup,24.05533,5.556757,-0.6833299,1.241175,0.1459736,-0.3151678,1.100534,-0.06126523,-0.3317248,1.126173,-0.1833169,343.4003,32.36507,14.57973,-16.6,32.365,14.58,308.6204,111.2738,355.334,-51.38,111.274,-4.666,319.8437,147.579,341.3841,-40.156,147.579,-18.616,0,190.0423,True,True,True,True,True,True,True,True,True,True,True,True,True,True,True,True,True,True,True,,
Andi,Reflective,Intro,Standup,24.18893,5.614036,-0.7233042,1.228152,0.1847208,-0.3556834,1.103001,-0.01531434,-0.3708952,1.133625,-0.1316059,344.4972,33.39265,18.19205,-15.503,33.393,18.192,306.6871,108.751,358.0946,-53.313,108.751,-1.905,315.9407,146.9641,342.6131,-44.059,146.964,-17.387,0,190.0423,True,True,True,True,True,True,True,True,True,True,True,True,True,True,True,True,True,True,True,,
Andi,Reflective,Intro,Standup,24.32301,5.633777,-0.7387957,1.227267,0.1939193,-0.3775228,1.103709,0.01230073,-0.3890717,1.134458,-0.1029959,346.0006,33.2788,13.12577,-13.999,33.279,13.126,305.993,104.4126,359.8367,-54.007,104.413,-0.163,314.2711,145.7238,342.2971,-45.729,145.724,-17.703,0,190.0423,True,True,True,True,True,True,True,True,True,True,True,True,True,True,True,True,True,True,True,,
Andi,Reflective,Intro,Standup,24.45726,5.655828,-0.7380478,1.23804,0.174909,-0.3742974,1.11847,0.09046257,-0.3809146,1.12389,-0.09732938,346.3329,34.02613,9.80165,-13.667,34.026,9.802,305.3829,84.70286,7.424686,-54.617,84.703,7.425,324.3782,145.3325,342.4215,-35.622,145.332,-17.578,0,190.0423,True,True,True,True,True,True,True,True,True,True,True,True,True,True,True,True,True,True,True,,
Andi,Reflective,Intro,Standup,24.59129,5.677015,-0.7344478,1.245247,0.1553735,-0.3754914,1.135993,0.2751859,-0.3621389,1.1083,-0.0856936,345.6558,33.63031,7.262934,-14.344,33.63,7.263,313.4835,41.91093,24.1783,-46.516,41.911,24.178,327.2585,138.9446,343.7256,-32.742,138.945,-16.274,0,190.0423,True,True,True,True,True,True,True,True,True,True,True,True,True,True,True,True,True,True,True,,
Andi,Reflective,Intro,Standup,24.72533,5.68997,-0.7290254,1.25097,0.145621,-0.4203576,1.119308,0.4145696,-0.3429711,1.081927,-0.06150079,345.4769,32.32745,5.414762,-14.523,32.327,5.415,322.2126,19.45772,21.24676,-37.787,19.458,21.247,329.939,133.3642,347.742,-30.061,133.364,-12.258,0,190.0423,True,True,True,True,True,True,True,True,True,True,True,True,True,True,True,True,True,True,True,,
Andi,Reflective,Intro,Standup,24.8448,5.7007,-0.721571,1.255015,0.1391164,-0.4576108,1.10396,0.4701545,-0.3287041,1.06734,-0.03079295,345.8168,31.85706,3.622693,-14.183,31.857,3.623,324.5485,11.55022,18.04984,-35.452,11.55,18.05,331.5313,126.0629,350.7308,-28.469,126.063,-9.269,0,190.0423,True,True,True,True,True,True,True,True,True,True,True,True,True,True,True,True,True,True,True,,
Andi,Reflective,Intro,Standup,24.9618,5.711386,-0.7139294,1.259894,0.1335196,-0.4480693,1.097723,0.4536059,-0.3249892,1.064935,-0.00444448,346.091,30.76009,2.235175,-13.909,30.76,2.235,322.3416,21.91771,11.67233,-37.658,21.918,11.672,329.3848,122.1802,352.7437,-30.615,122.18,-7.256001,0,190.0423,True,True,True,True,True,True,True,True,True,True,True,True,True,True,True,True,True,True,True,,
Andi,Reflective,Intro,Standup,25.08311,5.719692,-0.7074261,1.26181,0.1289289,-0.406917,1.089565,0.3674845,-0.3246056,1.064147,0.01789284,346.5357,30.00851,1.473498,-13.464,30.009,1.473,319.9279,55.19297,359.5502,-40.072,55.193,-0.45,327.3788,118.9271,353.4008,-32.621,118.927,-6.599,0,190.0423,True,True,True,True,True,True,True,True,True,True,True,True,True,True,True,True,True,True,True,,
Andi,Reflective,Intro,Standup,25.19844,5.727478,-0.7008792,1.262811,0.1248866,-0.3885818,1.076401,0.2918665,-0.3236072,1.061375,0.03452921,346.9297,29.60386,0.6776763,-13.07,29.604,0.678,321.0551,75.59124,354.3945,-38.945,75.591,-5.606,327.0277,114.8021,353.9063,-32.972,114.802,-6.094,0,190.0423,True,True,True,True,True,True,True,True,True,True,True,True,True,True,True,True,True,True,True,,
Andi,Reflective,Intro,Standup,25.31424,5.736382,-0.6932154,1.263123,0.120453,-0.3837163,1.078106,0.299998,-0.3207172,1.057623,0.03789663,347.8637,30.34391,359.9226,-12.136,30.344,-0.07700001,321.7393,70.0145,356.5959,-38.261,70.01501,-3.404,327.9116,112.8922,354.2854,-32.088,112.892,-5.715,0,190.0423,True,True,True,True,True,True,True,True,True,True,True,True,True,True,True,True,True,True,True,,
Andi,Reflective,Intro,Standup,25.42904,5.746509,-0.685401,1.260907,0.1144992,-0.4039605,1.096032,0.3927485,-0.3170264,1.057785,0.03364575,350.2263,30.82173,359.4409,-9.774,30.822,-0.559,320.7074,39.59258,4.45472,-39.293,39.593,4.455,327.6164,113.4523,354.251,-32.384,113.452,-5.749,0,190.0423,True,True,True,True,True,True,True,True,True,True,True,True,True,True,True,True,True,True,True,,
Andi,Reflective,Intro,Standup,25.552,5.753778,-0.6806369,1.262195,0.1093868,-0.4428428,1.098072,0.4730071,-0.3109815,1.058682,0.03074348,350.26,29.53224,0.1722364,-9.740001,29.532,0.172,322.8547,12.09135,6.823547,-37.145,12.091,6.824,327.2541,115.0511,353.4311,-32.746,115.051,-6.569,0,190.0423,True,True,True,True,True,True,True,True,True,True,True,True,True,True,True,True,True,True,True,,
Andi,Reflective,Intro,Standup,25.68678,5.763012,-0.6727934,1.26541,0.1061647,-0.450258,1.083802,0.4935031,-0.3002303,1.056944,0.04329324,350.0849,27.39157,0.05727214,-9.915001,27.392,0.057,326.9225,7.810453,5.432951,-33.078,7.81,5.433,327.8847,113.4708,354.1387,-32.115,113.471,-5.861,0,190.0423,True,True,True,True,True,True,True,True,True,True,True,True,True,True,True,True,True,True,True,,
Andi,Reflective,Intro,Standup,25.81982,5.770093,-0.6658763,1.26632,0.1053247,-0.4303879,1.073194,0.4661863,-0.293902,1.057597,0.06573057,350.6588,25.98529,0.3382834,-9.341001,25.985,0.338,327.2976,14.61134,1.526295,-32.702,14.611,1.526,327.8883,110.015,355.3366,-32.112,110.015,-4.663,0,190.0423,True,True,True,True,True,True,True,True,True,True,True,True,True,True,True,True,True,True,True,,
Andi,Reflective,Intro,Standup,25.95361,5.781127,-0.6554337,1.269052,0.1033269,-0.3840925,1.065158,0.3801571,-0.2920722,1.059967,0.07998276,350.0611,24.64034,0.3588682,-9.939,24.64,0.359,325.3417,34.67656,359.423,-34.658,34.677,-0.577,327.1732,108.8927,355.0484,-32.827,108.893,-4.952,0,190.0423,True,True,True,True,True,True,True,True,True,True,True,True,True,True,True,True,True,True,True,,
Andi,Reflective,Intro,Standup,26.08798,5.796522,-0.6417931,1.269909,0.09631404,-0.3418702,1.050351,0.2626214,-0.2861329,1.058318,0.07383335,349.6814,25.56916,359.7782,-10.319,25.569,-0.222,323.3889,59.09679,354.1643,-36.611,59.097,-5.836,328.3981,110.6931,353.5142,-31.602,110.693,-6.486001,0,190.0423,True,True,True,True,True,True,True,True,True,True,True,True,True,True,True,True,True,True,True,,
Andi,Reflective,Intro,Standup,26.22195,5.821042,-0.6222662,1.272471,0.08175734,-0.314255,1.03327,0.1834433,-0.2760066,1.053408,0.04035544,348.808,28.59914,359.1115,-11.192,28.599,-0.8890001,323.9553,73.72713,349.7152,-36.045,73.72701,-10.285,329.585,115.6566,353.0963,-30.415,115.657,-6.904,0,190.0423,True,True,True,True,True,True,True,True,True,True,True,True,True,True,True,True,True,True,True,,
Andi,Reflective,Intro,Standup,26.35634,5.843018,-0.6060594,1.273693,0.06715596,-0.293201,1.023474,0.1172638,-0.2713832,1.053172,-0.001563311,347.9016,34.27478,358.0972,-12.098,34.275,-1.903,325.6012,84.77377,350.3651,-34.399,84.774,-9.635,326.8404,122.4789,354.311,-33.16,122.479,-5.689,0,190.0423,True,True,True,True,True,True,True,True,True,True,True,True,True,True,True,True,True,True,True,,
Andi,Reflective,Intro,Standup,26.49025,5.852488,-0.6047928,1.271003,0.06045482,-0.2877201,1.029116,0.0640409,-0.2791404,1.058238,-0.05337071,348.6112,42.16759,357.2319,-11.389,42.168,-2.768,323.2481,91.84079,355.16,-36.752,91.841,-4.84,325.1641,129.8215,355.1269,-34.836,129.822,-4.873,0,190.0423,True,True,True,True,True,True,True,True,True,True,True,True,True,True,True,True,True,True,True,,
Andi,Reflective,Intro,Standup,26.62412,5.871275,-0.6216257,1.266314,0.06642814,-0.2958651,1.034693,0.01142693,-0.3062385,1.072374,-0.1019342,349.3466,49.56979,356.9601,-10.653,49.57,-3.04,322.7691,98.92871,2.644688,-37.231,98.92901,2.645,321.3918,138.0701,357.6393,-38.608,138.07,-2.361,0,190.0423,True,True,True,True,True,True,True,True,True,True,True,True,True,True,True,True,True,True,True,,
Andi,Reflective,Intro,Standup,26.74676,5.897965,-0.6426376,1.259628,0.08131196,-0.3123143,1.03952,-0.02765775,-0.3400648,1.092378,-0.1291335,349.4222,51.85162,358.3634,-10.578,51.852,-1.637,324.0263,103.5454,12.26462,-35.974,103.545,12.265,315.6589,141.91,4.318036,-44.341,141.91,4.318,0,190.0423,True,True,True,True,True,True,True,True,True,True,True,True,True,True,True,True,True,True,True,,
Andi,Reflective,Intro,Standup,26.88074,5.923479,-0.6589091,1.257902,0.1005624,-0.327998,1.039581,-0.05168843,-0.3687463,1.111084,-0.1419973,349.0741,53.09727,0.4129595,-10.926,53.097,0.413,328.4402,103.3861,26.04304,-31.56,103.386,26.043,311.7874,140.616,14.12282,-48.213,140.616,14.123,0,190.0423,True,True,True,True,True,True,True,True,True,True,True,True,True,True,True,True,True,True,True,,
Andi,Reflective,Intro,Standup,27.01574,5.933475,-0.6599709,1.256687,0.1032963,-0.3462885,1.04496,-0.0717721,-0.3934639,1.117569,-0.1627514,349.7595,59.57827,1.344344,-10.241,59.578,1.344,327.6079,103.8221,29.26555,-32.392,103.822,29.266,310.9898,143.1033,9.827885,-49.01,143.103,9.828,0,190.0423,True,True,True,True,True,True,True,True,True,True,True,True,True,True,True,True,True,True,True,,
Andi,Reflective,Intro,Standup,27.14968,5.978071,-0.6534991,1.255111,0.05967894,-0.3626291,1.051604,-0.09802961,-0.4168923,1.128121,-0.1820629,352.958,91.05772,353.8517,-7.042,91.05801,-6.148,326.8345,106.214,31.17537,-33.166,106.214,31.175,308.6514,145.3946,9.987185,-51.349,145.395,9.987,0,190.0423,True,True,True,True,True,True,True,True,True,True,True,True,True,True,True,True,True,True,True,,
Andi,Reflective,Intro,Standup,27.28324,6.043467,-0.6799343,1.244532,0.00196647,-0.3901205,1.068647,-0.1268785,-0.4550107,1.146481,-0.202811,359.1668,129.9092,345.8414,-0.8330001,129.909,-14.159,322.7501,108.6945,33.91877,-37.25,108.695,33.919,304.1873,151.1409,7.170151,-55.813,151.141,7.170001,0,190.0423,True,True,True,True,True,True,True,True,True,True,True,True,True,True,True,True,True,True,True,,
Andi,Reflective,Intro,Standup,27.41734,6.090042,-0.7162391,1.234715,-0.02508057,-0.4181408,1.080803,-0.1613934,-0.4938975,1.159115,-0.2276297,5.254612,153.8375,342.855,5.255,153.837,-17.145,320.1774,113.2998,35.42609,-39.823,113.3,35.426,301.3869,159.0634,4.016559,-58.613,159.063,4.017,0,190.0423,True,True,True,True,True,True,True,True,True,True,True,True,True,True,True,True,True,True,True,,
Andi,Reflective,Intro,Standup,27.55095,6.122249,-0.7430359,1.227857,-0.04132853,-0.4450392,1.08436,-0.203934,-0.5278483,1.162475,-0.2610481,9.019607,166.2256,340.6897,9.02,166.226,-19.31,320.172,120.5964,35.64177,-39.828,120.596,35.642,301.6922,166.0074,4.906462,-58.308,166.007,4.906,0,190.0423,True,True,True,True,True,True,True,True,True,True,True,True,True,True,True,True,True,True,True,,
Andi,Reflective,Intro,Standup,27.68515,6.159258,-0.7695413,1.230976,-0.06481053,-0.4742373,1.081442,-0.2466061,-0.5658108,1.15696,-0.2951124,3.957689,177.8891,339.2518,3.958,177.889,-20.748,320.094,128.6861,34.09932,-39.906,128.686,34.099,302.9786,175.3239,2.211106,-57.021,175.324,2.211,0,190.0423,True,True,True,True,True,True,True,True,True,True,True,True,True,True,True,True,True,True,True,,
Andi,Reflective,Intro,Standup,27.81939,6.259814,-0.8367803,1.298041,-0.09226333,-0.5001136,1.071866,-0.2897663,-0.5956142,1.147169,-0.329839,354.7734,201.327,327.7348,-5.227,-158.673,-32.265,322.3284,136.4199,32.71265,-37.672,136.42,32.713,305.4528,180.9967,3.527813,-54.547,-179.003,3.528,0,190.0423,True,True,True,True,True,True,True,True,True,True,True,True,True,True,True,True,True,True,True,,
Andi,Reflective,Intro,Standup,27.95323,6.425096,-0.980459,1.37251,-0.1047588,-0.5251316,1.061357,-0.3224061,-0.6247759,1.135011,-0.3551142,356.1605,202.759,307.1482,-3.839,-157.241,-52.852,323.8554,143.2671,31.57141,-36.145,143.267,31.571,307.8058,186.9541,4.637671,-52.194,-173.046,4.638,0,190.0423,True,True,True,True,True,True,True,True,True,True,True,True,True,True,True,True,True,True,True,,
Andi,Reflective,Intro,Standup,28.08704,6.597169,-1.129345,1.368386,-0.1815469,-0.559279,1.04582,-0.3523026,-0.6627524,1.118195,-0.3735993,11.50676,194.541,294.6729,11.507,-165.459,-65.327,324.9414,151.5131,29.61251,-35.059,151.513,29.613,309.2723,193.8351,4.001154,-50.728,-166.165,4.001,0,190.0423,True,True,True,True,True,True,True,True,True,True,True,True,True,True,True,True,True,True,True,,
Andi,Reflective,Intro,Standup,28.2017,6.733427,-1.220756,1.336961,-0.2763513,-0.6019168,1.02688,-0.3883004,-0.708918,1.097432,-0.3994312,16.08046,180.1557,284.0131,163.92,0.1559906,104.013,327.3611,160.0115,27.87853,-32.639,160.011,27.879,312.2351,200.957,4.511436,-47.765,-159.043,4.511,0,190.0423,True,True,True,True,True,True,True,True,True,True,True,True,True,True,True,True,True,True,True,,
Andi,Reflective,Intro,Standup,28.31819,6.871045,-1.26984,1.340349,-0.4037457,-0.6586084,1.006178,-0.4446204,-0.7655509,1.078368,-0.444844,28.51747,189.852,287.2048,151.483,9.85199,107.205,331.8304,168.8975,27.80134,-28.17,168.898,27.801,315.8202,206.5072,8.469245,-44.18,-153.493,8.469001,0,190.0423,True,True,True,True,True,True,True,True,True,True,True,True,True,True,True,True,True,True,True,,
Andi,Reflective,Intro,Standup,28.43554,6.973595,-1.243448,1.394992,-0.4774042,-0.7279896,0.9949571,-0.5023887,-0.8367739,1.065626,-0.4890246,31.25897,220.8908,320.1335,31.259,-139.109,-39.866,332.6778,177.1135,26.86873,-27.322,177.114,26.869,317.2849,214.5575,8.669529,-42.715,-145.442,8.67,0,190.0423,True,True,True,True,True,True,True,True,True,True,True,True,True,True,True,True,True,True,True,,
Andi,Reflective,Intro,Standup,28.55959,7.033493,-1.216299,1.378906,-0.5117401,-0.8091218,0.9791056,-0.5495193,-0.9127179,1.050659,-0.5276101,7.883965,244.9922,348.4396,7.884,-115.008,-11.56,335.1387,183.6154,26.11621,-24.861,-176.385,26.116,319.2363,219.6998,9.21388,-40.764,-140.3,9.214001,0,190.0423,True,True,True,True,True,True,True,True,True,True,True,True,True,True,True,True,True,True,True,,
Andi,Reflective,Intro,Standup,28.67242,7.148554,-1.257453,1.275859,-0.5379919,-0.8906806,0.9504967,-0.5845649,-0.9899971,1.025762,-0.5570176,1.705948,258.293,1.099473,1.706,-101.707,1.099,340.0019,189.6914,26.55131,-19.998,-170.309,26.551,322.2975,223.016,13.09231,-37.702,-136.984,13.092,0,190.0423,True,True,True,True,True,True,True,True,True,True,True,True,True,True,True,True,True,True,True,,
Andi,Reflective,Intro,Standup,28.78601,7.301517,-1.323006,1.138198,-0.5496431,-0.9769845,0.9116124,-0.6211364,-1.076273,0.9850544,-0.5869153,357.914,267.5526,5.244296,-2.086,-92.44701,5.244,344.0243,195.5257,24.90104,-15.976,-164.474,24.901,326.0413,228.0402,13.40104,-33.959,-131.96,13.401,0,190.0423,True,True,True,True,True,True,True,True,True,True,True,True,True,True,True,True,True,True,True,,
Andi,Reflective,Intro,Standup,28.8991,7.512531,-1.407712,0.9450731,-0.5512701,-1.070464,0.861418,-0.6632972,-1.170468,0.9314756,-0.6249554,357.5193,277.4681,10.04796,-2.481,-82.53201,10.048,347.2577,199.9418,22.22272,-12.742,-160.058,22.223,329.9931,232.2814,13.06979,-30.007,-127.719,13.07,0,190.0423,True,True,True,True,True,True,True,True,True,True,True,True,True,True,True,True,True,True,True,,
Andi,Reflective,Intro,Standup,29.01845,7.703774,-1.470836,0.7647039,-0.5486262,-1.181185,0.8010457,-0.7071645,-1.282184,0.8631557,-0.6669357,355.1431,285.446,16.54588,-4.857,-74.554,16.546,350.5795,204.2513,18.99842,-9.42,-155.749,18.998,335.6207,234.3849,13.68419,-24.379,-125.615,13.684,0,190.0423,True,True,True,True,True,True,True,True,True,True,True,True,True,True,True,True,True,True,True,,
Andi,Reflective,Intro,Standup,29.14231,7.838755,-1.502433,0.6338909,-0.5494564,-1.304674,0.7453575,-0.7395246,-1.410519,0.7936054,-0.6840398,352.1503,286.6084,24.53168,-7.85,-73.39201,24.532,349.0038,209.8432,13.74536,-10.996,-150.157,13.745,338.798,242.9288,6.817497,-21.202,-117.071,6.817,0,190.0423,True,True,True,True,True,True,True,True,True,True,True,True,True,True,True,True,True,True,True,,
Andi,Reflective,Intro,Standup,29.27081,7.92059,-1.544255,0.5705566,-0.5703788,-1.425316,0.6906052,-0.7623301,-1.530635,0.7292609,-0.6852357,354.0827,289.5037,23.82599,-5.917,-70.496,23.826,346.3911,216.2346,6.334923,-13.609,-143.765,6.335001,338.2596,253.9963,352.1445,-21.74,-106.004,-7.855,0,190.0423,True,True,True,True,True,True,True,True,True,True,True,True,True,True,True,True,True,True,True,,
Andi,Reflective,Intro,Standup,29.40522,7.957853,-1.574568,0.5694408,-0.5894132,-1.520601,0.6479857,-0.7749994,-1.623375,0.6696388,-0.6907277,355.3607,285.5788,17.36455,-4.639,-74.42101,17.365,343.2169,221.3203,359.7513,-16.783,-138.68,-0.249,341.0672,259.8534,344.6148,-18.933,-100.147,-15.385,0,190.0423,True,True,True,True,True,True,True,True,True,True,True,True,True,True,True,True,True,True,True,,
Andi,Reflective,Intro,Standup,29.53971,8.00246,-1.566838,0.5602077,-0.6005717,-1.5752,0.6218601,-0.7901993,-1.680138,0.6384437,-0.6985757,353.1037,284.0651,13.56045,-6.896,-75.93501,13.56,342.7025,223.7132,0.7524381,-17.298,-136.287,0.752,344.8169,266.0299,347.3341,-15.183,-93.97,-12.666,0,190.0423,True,True,True,True,True,True,True,True,True,True,True,True,True,True,True,True,True,True,True,,
Andi,Reflective,Intro,Standup,29.67401,8.019202,-1.561314,0.5577623,-0.606687,-1.601876,0.6051725,-0.7998354,-1.697742,0.6188399,-0.7043297,353.6074,286.3292,11.50134,-6.393,-73.67101,11.501,342.5086,228.3971,354.0706,-17.491,-131.603,-5.929,341.6834,269.2421,340.7068,-18.317,-90.758,-19.293,0,190.0423,True,True,True,True,True,True,True,True,True,True,True,True,True,True,True,True,True,True,True,,
Andi,Reflective,Intro,Standup,29.79649,8.02666,-1.562738,0.5594414,-0.6052738,-1.609317,0.5969419,-0.7964394,-1.705913,0.5913812,-0.7054708,353.2967,286.0444,11.79013,-6.703001,-73.956,11.79,340.5356,232.5206,347.1742,-19.464,-127.479,-12.826,347.2943,271.3135,345.7102,-12.706,-88.687,-14.29,0,190.0423,True,True,True,True,True,True,True,True,True,True,True,True,True,True,True,True,True,True,True,,
Andi,Reflective,Intro,Standup,29.92241,8.031029,-1.562981,0.5576126,-0.6064198,-1.616119,0.5934012,-0.7884581,-1.704032,0.5873494,-0.7124927,352.8633,285.8488,12.31102,-7.137001,-74.151,12.311,341.768,235.0521,336.5664,-18.232,-124.948,-23.434,345.5436,269.4478,351.7757,-14.456,-90.552,-8.224,0,190.0423,True,True,True,True,True,True,True,True,True,True,True,True,True,True,True,True,True,True,True,,
Andi,Reflective,Intro,Standup,30.05042,8.033632,-1.56264,0.5571345,-0.6060282,-1.63139,0.5851091,-0.7676671,-1.699483,0.585777,-0.7219322,352.5161,285.8737,11.6242,-7.484,-74.12601,11.624,343.4372,241.6618,319.9733,-16.563,-118.338,-40.027,341.5579,269.1846,1.371417,-18.442,-90.815,1.371,0,190.0423,True,True,True,True,True,True,True,True,True,True,True,True,True,True,True,True,True,True,True,,
Andi,Reflective,Intro,Standup,30.18097,8.036469,-1.561914,0.5555139,-0.6062032,-1.632923,0.5828508,-0.7647603,-1.69731,0.5911789,-0.7103727,351.4508,285.5995,11.36696,-8.549001,-74.401,11.367,343.6316,243.3389,323.1883,-16.368,-116.661,-36.812,341.7588,270.6952,354.8891,-18.241,-89.30501,-5.111,0,190.0423,True,True,True,True,True,True,True,True,True,True,True,True,True,True,True,True,True,True,True,,
Andi,Reflective,Intro,Standup,30.29841,8.039183,-1.562042,0.5557296,-0.6055239,-1.632648,0.5858961,-0.7648718,-1.700379,0.5844395,-0.7152483,351.7153,285.665,11.29356,-8.285001,-74.33501,11.294,343.7794,243.3302,323.0303,-16.221,-116.67,-36.97,341.7079,270.5139,355.2402,-18.292,-89.48601,-4.76,0,190.0423,True,True,True,True,True,True,True,True,True,True,True,True,True,True,True,True,True,True,True,,
Andi,Reflective,Intro,Standup,30.43294,8.049528,-1.559666,0.5588046,-0.5999006,-1.63242,0.5857124,-0.76459,-1.700584,0.5830346,-0.7169559,351.8038,285.6977,11.45133,-8.196,-74.302,11.451,343.8791,243.2793,323.031,-16.121,-116.721,-36.969,341.6202,270.4245,355.4397,-18.38,-89.575,-4.56,0,190.0423,True,True,True,True,True,True,True,True,True,True,True,True,True,True,True,True,True,True,True,,
Andi,Reflective,Intro,Standup,30.56676,8.051137,-1.560083,0.5589169,-0.5999278,-1.633105,0.5859671,-0.7645781,-1.701305,0.5834789,-0.7174795,351.819,285.7009,11.39973,-8.181001,-74.299,11.4,343.9584,243.2444,322.9829,-16.042,-116.756,-37.017,341.5608,270.371,355.5121,-18.439,-89.62901,-4.488,0,190.0423,True,True,True,True,True,True,True,True,True,True,True,True,True,True,True,True,True,True,True,,
Andi,Reflective,Intro,Standup,30.70106,8.051991,-1.560139,0.558634,-0.6000654,-1.632533,0.5850391,-0.7647407,-1.701337,0.582924,-0.7182767,351.7149,285.6965,11.36057,-8.285001,-74.303,11.361,344.0095,243.1614,323.0275,-15.991,-116.839,-36.973,341.4898,270.3571,355.547,-18.51,-89.64301,-4.453,0,190.0423,True,True,True,True,True,True,True,True,True,True,True,True,True,True,True,True,True,True,True,,
Andi,Reflective,Intro,Standup,30.83492,8.052849,-1.559996,0.558637,-0.6001735,-1.633175,0.5863215,-0.7642515,-1.701328,0.5833412,-0.7179415,351.7195,285.6951,11.3875,-8.281,-74.305,11.388,344.0321,243.2106,323.0233,-15.968,-116.789,-36.977,341.4329,270.3654,355.5447,-18.567,-89.635,-4.455,0,190.0423,True,True,True,True,True,True,True,True,True,True,True,True,True,True,True,True,True,True,True,,
Andi,Reflective,Intro,Standup,30.95378,8.053805,-1.560205,0.5584005,-0.6002804,-1.632989,0.5859541,-0.7643421,-1.70128,0.5830163,-0.7181189,351.6865,285.7043,11.40226,-8.313001,-74.29601,11.402,344.0699,243.1661,323.0137,-15.93,-116.834,-36.986,341.3988,270.3579,355.577,-18.601,-89.64201,-4.423,0,190.0423,True,True,True,True,True,True,True,True,True,True,True,True,True,True,True,True,True,True,True,,
Andi,Reflective,Intro,Standup,31.07243,8.054493,-1.560184,0.558364,-0.6002793,-1.63282,0.585739,-0.7643905,-1.700993,0.5828959,-0.7182705,351.6788,285.7032,11.38677,-8.321,-74.297,11.387,344.1109,243.1053,323.0105,-15.889,-116.895,-36.989,341.3588,270.3548,355.5957,-18.641,-89.645,-4.404,0,190.0423,True,True,True,True,True,True,True,True,True,True,True,True,True,True,True,True,True,True,True,,
Andi,Reflective,Intro,Standup,31.19305,8.055206,-1.560424,0.5582379,-0.6003321,-1.633108,0.5858696,-0.7642214,-1.701214,0.5826136,-0.7184134,351.6726,285.7066,11.40566,-8.327001,-74.29301,11.406,344.1433,243.0734,322.9977,-15.857,-116.927,-37.002,341.3384,270.3464,355.6149,-18.662,-89.65401,-4.385,0,190.0423,True,True,True,True,True,True,True,True,True,True,True,True,True,True,True,True,True,True,True,,
Andi,Reflective,Intro,Standup,31.30718,8.055958,-1.560352,0.5582488,-0.6006409,-1.632958,0.5858165,-0.7643211,-1.700928,0.5826722,-0.7187951,351.6334,285.7114,11.40539,-8.367001,-74.289,11.405,344.1736,243.0186,323.0032,-15.826,-116.981,-36.997,341.3057,270.3432,355.6423,-18.694,-89.65701,-4.358,0,190.0423,True,True,True,True,True,True,True,True,True,True,True,True,True,True,True,True,True,True,True,,
Andi,Reflective,Intro,Standup,31.42369,8.056763,-1.560429,0.5579997,-0.6006513,-1.633181,0.5861769,-0.7641959,-1.701068,0.582461,-0.7187126,351.6039,285.7315,11.38043,-8.396001,-74.26801,11.38,344.1892,242.9982,323.0063,-15.811,-117.002,-36.994,341.2777,270.3487,355.6358,-18.722,-89.651,-4.364,0,190.0423,True,True,True,True,True,True,True,True,True,True,True,True,True,True,True,True,True,True,True,,
Andi,Reflective,Intro,Standup,31.53914,8.057673,-1.56064,0.5578711,-0.6008694,-1.633019,0.5856063,-0.7645042,-1.701113,0.5820476,-0.7193005,351.6105,285.73,11.40083,-8.39,-74.27,11.401,344.233,242.96,323.0134,-15.767,-117.04,-36.987,341.2779,270.3491,355.6423,-18.722,-89.651,-4.358,0,190.0423,True,True,True,True,True,True,True,True,True,True,True,True,True,True,True,True,True,True,True,,
Andi,Reflective,Intro,Standup,31.66118,8.058576,-1.560499,0.5578893,-0.6006636,-1.633157,0.5860596,-0.7639341,-1.701275,0.5821977,-0.7190495,351.6006,285.7504,11.38885,-8.399,-74.25,11.389,344.2338,242.9475,322.9933,-15.766,-117.053,-37.007,341.2611,270.35,355.6318,-18.739,-89.65,-4.368,0,190.0423,True,True,True,True,True,True,True,True,True,True,True,True,True,True,True,True,True,True,True,,
Andi,Reflective,Intro,Standup,31.77374,8.059317,-1.560362,0.5578984,-0.6008433,-1.632642,0.5858119,-0.7640793,-1.701024,0.5820404,-0.7194138,351.5567,285.748,11.38169,-8.443001,-74.25201,11.382,344.2522,242.9039,323.0129,-15.748,-117.096,-36.987,341.2291,270.3441,355.6414,-18.771,-89.65601,-4.359,0,190.0423,True,True,True,True,True,True,True,True,True,True,True,True,True,True,True,True,True,True,True,,
Andi,Reflective,Intro,Standup,31.89293,8.059854,-1.560264,0.5579758,-0.6006658,-1.632867,0.586274,-0.7638891,-1.701044,0.5822357,-0.7193677,351.546,285.7557,11.3885,-8.454,-74.244,11.389,344.2592,242.8829,323.007,-15.741,-117.117,-36.993,341.2232,270.3456,355.6409,-18.777,-89.65401,-4.359,0,190.0423,True,True,True,True,True,True,True,True,True,True,True,True,True,True,True,True,True,True,True,,
Andi,Reflective,Intro,Standup,32.0141,8.061156,-1.56057,0.5578279,-0.6009954,-1.632995,0.5858371,-0.764261,-1.701389,0.5817493,-0.7200377,351.5514,285.7635,11.39944,-8.449,-74.236,11.399,344.2937,242.8465,323.0277,-15.706,-117.154,-36.972,341.206,270.3373,355.6502,-18.794,-89.663,-4.35,0,190.0423,True,True,True,True,True,True,True,True,True,True,True,True,True,True,True,True,True,True,True,,
Andi,Reflective,Intro,Standup,32.12803,8.061666,-1.560608,0.557891,-0.6009647,-1.632927,0.5861189,-0.7641745,-1.70132,0.5819898,-0.720077,351.5304,285.774,11.37616,-8.47,-74.22601,11.376,344.3069,242.8231,323.0296,-15.693,-117.177,-36.97,341.2015,270.3484,355.6526,-18.798,-89.65201,-4.347,0,190.0423,True,True,True,True,True,True,True,True,True,True,True,True,True,True,True,True,True,True,True,,
Andi,Reflective,Intro,Standup,32.25471,8.062143,-1.56057,0.557814,-0.6011426,-1.632803,0.586183,-0.7640383,-1.701388,0.5818572,-0.7201364,351.5331,285.7858,11.39003,-8.467,-74.214,11.39,344.3141,242.8145,323.0154,-15.686,-117.185,-36.985,341.1922,270.3442,355.6576,-18.808,-89.65601,-4.342,0,190.0423,True,True,True,True,True,True,True,True,True,True,True,True,True,True,True,True,True,True,True,,
